id,date,sales
HOUSEHOLD_2_CA_2,2011-01-29,234.0
HOUSEHOLD_2_CA_2,2011-01-30,267.0
HOUSEHOLD_2_CA_2,2011-01-31,158.0
HOUSEHOLD_2_CA_2,2011-02-01,164.0
HOUSEHOLD_2_CA_2,2011-02-02,151.0
HOUSEHOLD_2_CA_2,2011-02-03,163.0
HOUSEHOLD_2_CA_2,2011-02-04,220.0
HOUSEHOLD_2_CA_2,2011-02-05,345.0
HOUSEHOLD_2_CA_2,2011-02-06,215.0
HOUSEHOLD_2_CA_2,2011-02-07,174.0
HOUSEHOLD_2_CA_2,2011-02-08,162.0
HOUSEHOLD_2_CA_2,2011-02-09,177.0
HOUSEHOLD_2_CA_2,2011-02-10,181.0
HOUSEHOLD_2_CA_2,2011-02-11,227.0
HOUSEHOLD_2_CA_2,2011-02-12,332.0
HOUSEHOLD_2_CA_2,2011-02-13,377.0
HOUSEHOLD_2_CA_2,2011-02-14,182.0
HOUSEHOLD_2_CA_2,2011-02-15,180.0
HOUSEHOLD_2_CA_2,2011-02-16,168.0
HOUSEHOLD_2_CA_2,2011-02-17,132.0
HOUSEHOLD_2_CA_2,2011-02-18,176.0
HOUSEHOLD_2_CA_2,2011-02-19,320.0
HOUSEHOLD_2_CA_2,2011-02-20,318.0
HOUSEHOLD_2_CA_2,2011-02-21,274.0
HOUSEHOLD_2_CA_2,2011-02-22,186.0
HOUSEHOLD_2_CA_2,2011-02-23,169.0
HOUSEHOLD_2_CA_2,2011-02-24,167.0
HOUSEHOLD_2_CA_2,2011-02-25,169.0
HOUSEHOLD_2_CA_2,2011-02-26,305.0
HOUSEHOLD_2_CA_2,2011-02-27,297.0
HOUSEHOLD_2_CA_2,2011-02-28,199.0
HOUSEHOLD_2_CA_2,2011-03-01,136.0
HOUSEHOLD_2_CA_2,2011-03-02,165.0
HOUSEHOLD_2_CA_2,2011-03-03,243.0
HOUSEHOLD_2_CA_2,2011-03-04,231.0
HOUSEHOLD_2_CA_2,2011-03-05,301.0
HOUSEHOLD_2_CA_2,2011-03-06,328.0
HOUSEHOLD_2_CA_2,2011-03-07,191.0
HOUSEHOLD_2_CA_2,2011-03-08,204.0
HOUSEHOLD_2_CA_2,2011-03-09,184.0
HOUSEHOLD_2_CA_2,2011-03-10,181.0
HOUSEHOLD_2_CA_2,2011-03-11,233.0
HOUSEHOLD_2_CA_2,2011-03-12,289.0
HOUSEHOLD_2_CA_2,2011-03-13,258.0
HOUSEHOLD_2_CA_2,2011-03-14,207.0
HOUSEHOLD_2_CA_2,2011-03-15,153.0
HOUSEHOLD_2_CA_2,2011-03-16,175.0
HOUSEHOLD_2_CA_2,2011-03-17,167.0
HOUSEHOLD_2_CA_2,2011-03-18,174.0
HOUSEHOLD_2_CA_2,2011-03-19,306.0
HOUSEHOLD_2_CA_2,2011-03-20,308.0
HOUSEHOLD_2_CA_2,2011-03-21,169.0
HOUSEHOLD_2_CA_2,2011-03-22,198.0
HOUSEHOLD_2_CA_2,2011-03-23,173.0
HOUSEHOLD_2_CA_2,2011-03-24,138.0
HOUSEHOLD_2_CA_2,2011-03-25,228.0
HOUSEHOLD_2_CA_2,2011-03-26,337.0
HOUSEHOLD_2_CA_2,2011-03-27,316.0
HOUSEHOLD_2_CA_2,2011-03-28,203.0
HOUSEHOLD_2_CA_2,2011-03-29,173.0
HOUSEHOLD_2_CA_2,2011-03-30,163.0
HOUSEHOLD_2_CA_2,2011-03-31,155.0
HOUSEHOLD_2_CA_2,2011-04-01,187.0
HOUSEHOLD_2_CA_2,2011-04-02,318.0
HOUSEHOLD_2_CA_2,2011-04-03,291.0
HOUSEHOLD_2_CA_2,2011-04-04,217.0
HOUSEHOLD_2_CA_2,2011-04-05,176.0
HOUSEHOLD_2_CA_2,2011-04-06,180.0
HOUSEHOLD_2_CA_2,2011-04-07,152.0
HOUSEHOLD_2_CA_2,2011-04-08,201.0
HOUSEHOLD_2_CA_2,2011-04-09,299.0
HOUSEHOLD_2_CA_2,2011-04-10,283.0
HOUSEHOLD_2_CA_2,2011-04-11,190.0
HOUSEHOLD_2_CA_2,2011-04-12,166.0
HOUSEHOLD_2_CA_2,2011-04-13,164.0
HOUSEHOLD_2_CA_2,2011-04-14,164.0
HOUSEHOLD_2_CA_2,2011-04-15,187.0
HOUSEHOLD_2_CA_2,2011-04-16,294.0
HOUSEHOLD_2_CA_2,2011-04-17,277.0
HOUSEHOLD_2_CA_2,2011-04-18,183.0
HOUSEHOLD_2_CA_2,2011-04-19,153.0
HOUSEHOLD_2_CA_2,2011-04-20,176.0
HOUSEHOLD_2_CA_2,2011-04-21,147.0
HOUSEHOLD_2_CA_2,2011-04-22,192.0
HOUSEHOLD_2_CA_2,2011-04-23,307.0
HOUSEHOLD_2_CA_2,2011-04-24,284.0
HOUSEHOLD_2_CA_2,2011-04-25,202.0
HOUSEHOLD_2_CA_2,2011-04-26,182.0
HOUSEHOLD_2_CA_2,2011-04-27,161.0
HOUSEHOLD_2_CA_2,2011-04-28,194.0
HOUSEHOLD_2_CA_2,2011-04-29,222.0
HOUSEHOLD_2_CA_2,2011-04-30,300.0
HOUSEHOLD_2_CA_2,2011-05-01,281.0
HOUSEHOLD_2_CA_2,2011-05-02,191.0
HOUSEHOLD_2_CA_2,2011-05-03,214.0
HOUSEHOLD_2_CA_2,2011-05-04,176.0
HOUSEHOLD_2_CA_2,2011-05-05,162.0
HOUSEHOLD_2_CA_2,2011-05-06,214.0
HOUSEHOLD_2_CA_2,2011-05-07,270.0
HOUSEHOLD_2_CA_2,2011-05-08,280.0
HOUSEHOLD_2_CA_2,2011-05-09,188.0
HOUSEHOLD_2_CA_2,2011-05-10,195.0
HOUSEHOLD_2_CA_2,2011-05-11,177.0
HOUSEHOLD_2_CA_2,2011-05-12,226.0
HOUSEHOLD_2_CA_2,2011-05-13,194.0
HOUSEHOLD_2_CA_2,2011-05-14,281.0
HOUSEHOLD_2_CA_2,2011-05-15,320.0
HOUSEHOLD_2_CA_2,2011-05-16,204.0
HOUSEHOLD_2_CA_2,2011-05-17,171.0
HOUSEHOLD_2_CA_2,2011-05-18,193.0
HOUSEHOLD_2_CA_2,2011-05-19,171.0
HOUSEHOLD_2_CA_2,2011-05-20,205.0
HOUSEHOLD_2_CA_2,2011-05-21,276.0
HOUSEHOLD_2_CA_2,2011-05-22,239.0
HOUSEHOLD_2_CA_2,2011-05-23,192.0
HOUSEHOLD_2_CA_2,2011-05-24,149.0
HOUSEHOLD_2_CA_2,2011-05-25,186.0
HOUSEHOLD_2_CA_2,2011-05-26,177.0
HOUSEHOLD_2_CA_2,2011-05-27,207.0
HOUSEHOLD_2_CA_2,2011-05-28,225.0
HOUSEHOLD_2_CA_2,2011-05-29,259.0
HOUSEHOLD_2_CA_2,2011-05-30,258.0
HOUSEHOLD_2_CA_2,2011-05-31,181.0
HOUSEHOLD_2_CA_2,2011-06-01,177.0
HOUSEHOLD_2_CA_2,2011-06-02,186.0
HOUSEHOLD_2_CA_2,2011-06-03,221.0
HOUSEHOLD_2_CA_2,2011-06-04,277.0
HOUSEHOLD_2_CA_2,2011-06-05,280.0
HOUSEHOLD_2_CA_2,2011-06-06,210.0
HOUSEHOLD_2_CA_2,2011-06-07,195.0
HOUSEHOLD_2_CA_2,2011-06-08,156.0
HOUSEHOLD_2_CA_2,2011-06-09,164.0
HOUSEHOLD_2_CA_2,2011-06-10,278.0
HOUSEHOLD_2_CA_2,2011-06-11,262.0
HOUSEHOLD_2_CA_2,2011-06-12,315.0
HOUSEHOLD_2_CA_2,2011-06-13,193.0
HOUSEHOLD_2_CA_2,2011-06-14,189.0
HOUSEHOLD_2_CA_2,2011-06-15,146.0
HOUSEHOLD_2_CA_2,2011-06-16,196.0
HOUSEHOLD_2_CA_2,2011-06-17,183.0
HOUSEHOLD_2_CA_2,2011-06-18,301.0
HOUSEHOLD_2_CA_2,2011-06-19,260.0
HOUSEHOLD_2_CA_2,2011-06-20,211.0
HOUSEHOLD_2_CA_2,2011-06-21,174.0
HOUSEHOLD_2_CA_2,2011-06-22,182.0
HOUSEHOLD_2_CA_2,2011-06-23,193.0
HOUSEHOLD_2_CA_2,2011-06-24,211.0
HOUSEHOLD_2_CA_2,2011-06-25,252.0
HOUSEHOLD_2_CA_2,2011-06-26,264.0
HOUSEHOLD_2_CA_2,2011-06-27,202.0
HOUSEHOLD_2_CA_2,2011-06-28,149.0
HOUSEHOLD_2_CA_2,2011-06-29,189.0
HOUSEHOLD_2_CA_2,2011-06-30,200.0
HOUSEHOLD_2_CA_2,2011-07-01,240.0
HOUSEHOLD_2_CA_2,2011-07-02,299.0
HOUSEHOLD_2_CA_2,2011-07-03,268.0
HOUSEHOLD_2_CA_2,2011-07-04,191.0
HOUSEHOLD_2_CA_2,2011-07-05,187.0
HOUSEHOLD_2_CA_2,2011-07-06,205.0
HOUSEHOLD_2_CA_2,2011-07-07,217.0
HOUSEHOLD_2_CA_2,2011-07-08,203.0
HOUSEHOLD_2_CA_2,2011-07-09,249.0
HOUSEHOLD_2_CA_2,2011-07-10,302.0
HOUSEHOLD_2_CA_2,2011-07-11,233.0
HOUSEHOLD_2_CA_2,2011-07-12,170.0
HOUSEHOLD_2_CA_2,2011-07-13,178.0
HOUSEHOLD_2_CA_2,2011-07-14,233.0
HOUSEHOLD_2_CA_2,2011-07-15,175.0
HOUSEHOLD_2_CA_2,2011-07-16,327.0
HOUSEHOLD_2_CA_2,2011-07-17,295.0
HOUSEHOLD_2_CA_2,2011-07-18,213.0
HOUSEHOLD_2_CA_2,2011-07-19,192.0
HOUSEHOLD_2_CA_2,2011-07-20,211.0
HOUSEHOLD_2_CA_2,2011-07-21,223.0
HOUSEHOLD_2_CA_2,2011-07-22,248.0
HOUSEHOLD_2_CA_2,2011-07-23,298.0
HOUSEHOLD_2_CA_2,2011-07-24,289.0
HOUSEHOLD_2_CA_2,2011-07-25,204.0
HOUSEHOLD_2_CA_2,2011-07-26,150.0
HOUSEHOLD_2_CA_2,2011-07-27,205.0
HOUSEHOLD_2_CA_2,2011-07-28,178.0
HOUSEHOLD_2_CA_2,2011-07-29,243.0
HOUSEHOLD_2_CA_2,2011-07-30,309.0
HOUSEHOLD_2_CA_2,2011-07-31,283.0
HOUSEHOLD_2_CA_2,2011-08-01,181.0
HOUSEHOLD_2_CA_2,2011-08-02,185.0
HOUSEHOLD_2_CA_2,2011-08-03,202.0
HOUSEHOLD_2_CA_2,2011-08-04,208.0
HOUSEHOLD_2_CA_2,2011-08-05,241.0
HOUSEHOLD_2_CA_2,2011-08-06,304.0
HOUSEHOLD_2_CA_2,2011-08-07,290.0
HOUSEHOLD_2_CA_2,2011-08-08,212.0
HOUSEHOLD_2_CA_2,2011-08-09,190.0
HOUSEHOLD_2_CA_2,2011-08-10,189.0
HOUSEHOLD_2_CA_2,2011-08-11,171.0
HOUSEHOLD_2_CA_2,2011-08-12,253.0
HOUSEHOLD_2_CA_2,2011-08-13,251.0
HOUSEHOLD_2_CA_2,2011-08-14,328.0
HOUSEHOLD_2_CA_2,2011-08-15,204.0
HOUSEHOLD_2_CA_2,2011-08-16,198.0
HOUSEHOLD_2_CA_2,2011-08-17,209.0
HOUSEHOLD_2_CA_2,2011-08-18,211.0
HOUSEHOLD_2_CA_2,2011-08-19,212.0
HOUSEHOLD_2_CA_2,2011-08-20,284.0
HOUSEHOLD_2_CA_2,2011-08-21,278.0
HOUSEHOLD_2_CA_2,2011-08-22,188.0
HOUSEHOLD_2_CA_2,2011-08-23,158.0
HOUSEHOLD_2_CA_2,2011-08-24,183.0
HOUSEHOLD_2_CA_2,2011-08-25,175.0
HOUSEHOLD_2_CA_2,2011-08-26,211.0
HOUSEHOLD_2_CA_2,2011-08-27,266.0
HOUSEHOLD_2_CA_2,2011-08-28,278.0
HOUSEHOLD_2_CA_2,2011-08-29,177.0
HOUSEHOLD_2_CA_2,2011-08-30,196.0
HOUSEHOLD_2_CA_2,2011-08-31,163.0
HOUSEHOLD_2_CA_2,2011-09-01,175.0
HOUSEHOLD_2_CA_2,2011-09-02,214.0
HOUSEHOLD_2_CA_2,2011-09-03,265.0
HOUSEHOLD_2_CA_2,2011-09-04,250.0
HOUSEHOLD_2_CA_2,2011-09-05,269.0
HOUSEHOLD_2_CA_2,2011-09-06,180.0
HOUSEHOLD_2_CA_2,2011-09-07,209.0
HOUSEHOLD_2_CA_2,2011-09-08,218.0
HOUSEHOLD_2_CA_2,2011-09-09,176.0
HOUSEHOLD_2_CA_2,2011-09-10,290.0
HOUSEHOLD_2_CA_2,2011-09-11,305.0
HOUSEHOLD_2_CA_2,2011-09-12,170.0
HOUSEHOLD_2_CA_2,2011-09-13,164.0
HOUSEHOLD_2_CA_2,2011-09-14,211.0
HOUSEHOLD_2_CA_2,2011-09-15,207.0
HOUSEHOLD_2_CA_2,2011-09-16,226.0
HOUSEHOLD_2_CA_2,2011-09-17,295.0
HOUSEHOLD_2_CA_2,2011-09-18,263.0
HOUSEHOLD_2_CA_2,2011-09-19,157.0
HOUSEHOLD_2_CA_2,2011-09-20,178.0
HOUSEHOLD_2_CA_2,2011-09-21,169.0
HOUSEHOLD_2_CA_2,2011-09-22,186.0
HOUSEHOLD_2_CA_2,2011-09-23,220.0
HOUSEHOLD_2_CA_2,2011-09-24,280.0
HOUSEHOLD_2_CA_2,2011-09-25,278.0
HOUSEHOLD_2_CA_2,2011-09-26,153.0
HOUSEHOLD_2_CA_2,2011-09-27,153.0
HOUSEHOLD_2_CA_2,2011-09-28,142.0
HOUSEHOLD_2_CA_2,2011-09-29,178.0
HOUSEHOLD_2_CA_2,2011-09-30,170.0
HOUSEHOLD_2_CA_2,2011-10-01,344.0
HOUSEHOLD_2_CA_2,2011-10-02,269.0
HOUSEHOLD_2_CA_2,2011-10-03,182.0
HOUSEHOLD_2_CA_2,2011-10-04,192.0
HOUSEHOLD_2_CA_2,2011-10-05,171.0
HOUSEHOLD_2_CA_2,2011-10-06,174.0
HOUSEHOLD_2_CA_2,2011-10-07,214.0
HOUSEHOLD_2_CA_2,2011-10-08,275.0
HOUSEHOLD_2_CA_2,2011-10-09,275.0
HOUSEHOLD_2_CA_2,2011-10-10,155.0
HOUSEHOLD_2_CA_2,2011-10-11,148.0
HOUSEHOLD_2_CA_2,2011-10-12,185.0
HOUSEHOLD_2_CA_2,2011-10-13,171.0
HOUSEHOLD_2_CA_2,2011-10-14,207.0
HOUSEHOLD_2_CA_2,2011-10-15,275.0
HOUSEHOLD_2_CA_2,2011-10-16,291.0
HOUSEHOLD_2_CA_2,2011-10-17,185.0
HOUSEHOLD_2_CA_2,2011-10-18,127.0
HOUSEHOLD_2_CA_2,2011-10-19,183.0
HOUSEHOLD_2_CA_2,2011-10-20,175.0
HOUSEHOLD_2_CA_2,2011-10-21,280.0
HOUSEHOLD_2_CA_2,2011-10-22,315.0
HOUSEHOLD_2_CA_2,2011-10-23,263.0
HOUSEHOLD_2_CA_2,2011-10-24,173.0
HOUSEHOLD_2_CA_2,2011-10-25,180.0
HOUSEHOLD_2_CA_2,2011-10-26,168.0
HOUSEHOLD_2_CA_2,2011-10-27,176.0
HOUSEHOLD_2_CA_2,2011-10-28,218.0
HOUSEHOLD_2_CA_2,2011-10-29,309.0
HOUSEHOLD_2_CA_2,2011-10-30,268.0
HOUSEHOLD_2_CA_2,2011-10-31,137.0
HOUSEHOLD_2_CA_2,2011-11-01,133.0
HOUSEHOLD_2_CA_2,2011-11-02,177.0
HOUSEHOLD_2_CA_2,2011-11-03,185.0
HOUSEHOLD_2_CA_2,2011-11-04,230.0
HOUSEHOLD_2_CA_2,2011-11-05,314.0
HOUSEHOLD_2_CA_2,2011-11-06,327.0
HOUSEHOLD_2_CA_2,2011-11-07,185.0
HOUSEHOLD_2_CA_2,2011-11-08,162.0
HOUSEHOLD_2_CA_2,2011-11-09,180.0
HOUSEHOLD_2_CA_2,2011-11-10,199.0
HOUSEHOLD_2_CA_2,2011-11-11,212.0
HOUSEHOLD_2_CA_2,2011-11-12,289.0
HOUSEHOLD_2_CA_2,2011-11-13,314.0
HOUSEHOLD_2_CA_2,2011-11-14,198.0
HOUSEHOLD_2_CA_2,2011-11-15,171.0
HOUSEHOLD_2_CA_2,2011-11-16,199.0
HOUSEHOLD_2_CA_2,2011-11-17,190.0
HOUSEHOLD_2_CA_2,2011-11-18,206.0
HOUSEHOLD_2_CA_2,2011-11-19,282.0
HOUSEHOLD_2_CA_2,2011-11-20,286.0
HOUSEHOLD_2_CA_2,2011-11-21,146.0
HOUSEHOLD_2_CA_2,2011-11-22,174.0
HOUSEHOLD_2_CA_2,2011-11-23,215.0
HOUSEHOLD_2_CA_2,2011-11-24,60.0
HOUSEHOLD_2_CA_2,2011-11-25,223.0
HOUSEHOLD_2_CA_2,2011-11-26,306.0
HOUSEHOLD_2_CA_2,2011-11-27,242.0
HOUSEHOLD_2_CA_2,2011-11-28,196.0
HOUSEHOLD_2_CA_2,2011-11-29,169.0
HOUSEHOLD_2_CA_2,2011-11-30,164.0
HOUSEHOLD_2_CA_2,2011-12-01,161.0
HOUSEHOLD_2_CA_2,2011-12-02,213.0
HOUSEHOLD_2_CA_2,2011-12-03,357.0
HOUSEHOLD_2_CA_2,2011-12-04,263.0
HOUSEHOLD_2_CA_2,2011-12-05,209.0
HOUSEHOLD_2_CA_2,2011-12-06,189.0
HOUSEHOLD_2_CA_2,2011-12-07,178.0
HOUSEHOLD_2_CA_2,2011-12-08,176.0
HOUSEHOLD_2_CA_2,2011-12-09,212.0
HOUSEHOLD_2_CA_2,2011-12-10,310.0
HOUSEHOLD_2_CA_2,2011-12-11,286.0
HOUSEHOLD_2_CA_2,2011-12-12,190.0
HOUSEHOLD_2_CA_2,2011-12-13,149.0
HOUSEHOLD_2_CA_2,2011-12-14,177.0
HOUSEHOLD_2_CA_2,2011-12-15,198.0
HOUSEHOLD_2_CA_2,2011-12-16,194.0
HOUSEHOLD_2_CA_2,2011-12-17,258.0
HOUSEHOLD_2_CA_2,2011-12-18,297.0
HOUSEHOLD_2_CA_2,2011-12-19,220.0
HOUSEHOLD_2_CA_2,2011-12-20,230.0
HOUSEHOLD_2_CA_2,2011-12-21,245.0
HOUSEHOLD_2_CA_2,2011-12-22,217.0
HOUSEHOLD_2_CA_2,2011-12-23,277.0
HOUSEHOLD_2_CA_2,2011-12-24,185.0
HOUSEHOLD_2_CA_2,2011-12-25,0.0
HOUSEHOLD_2_CA_2,2011-12-26,238.0
HOUSEHOLD_2_CA_2,2011-12-27,167.0
HOUSEHOLD_2_CA_2,2011-12-28,180.0
HOUSEHOLD_2_CA_2,2011-12-29,187.0
HOUSEHOLD_2_CA_2,2011-12-30,234.0
HOUSEHOLD_2_CA_2,2011-12-31,191.0
HOUSEHOLD_2_CA_2,2012-01-01,212.0
HOUSEHOLD_2_CA_2,2012-01-02,230.0
HOUSEHOLD_2_CA_2,2012-01-03,162.0
HOUSEHOLD_2_CA_2,2012-01-04,198.0
HOUSEHOLD_2_CA_2,2012-01-05,155.0
HOUSEHOLD_2_CA_2,2012-01-06,207.0
HOUSEHOLD_2_CA_2,2012-01-07,268.0
HOUSEHOLD_2_CA_2,2012-01-08,279.0
HOUSEHOLD_2_CA_2,2012-01-09,143.0
HOUSEHOLD_2_CA_2,2012-01-10,147.0
HOUSEHOLD_2_CA_2,2012-01-11,154.0
HOUSEHOLD_2_CA_2,2012-01-12,161.0
HOUSEHOLD_2_CA_2,2012-01-13,189.0
HOUSEHOLD_2_CA_2,2012-01-14,297.0
HOUSEHOLD_2_CA_2,2012-01-15,258.0
HOUSEHOLD_2_CA_2,2012-01-16,197.0
HOUSEHOLD_2_CA_2,2012-01-17,126.0
HOUSEHOLD_2_CA_2,2012-01-18,143.0
HOUSEHOLD_2_CA_2,2012-01-19,167.0
HOUSEHOLD_2_CA_2,2012-01-20,204.0
HOUSEHOLD_2_CA_2,2012-01-21,348.0
HOUSEHOLD_2_CA_2,2012-01-22,239.0
HOUSEHOLD_2_CA_2,2012-01-23,174.0
HOUSEHOLD_2_CA_2,2012-01-24,177.0
HOUSEHOLD_2_CA_2,2012-01-25,159.0
HOUSEHOLD_2_CA_2,2012-01-26,174.0
HOUSEHOLD_2_CA_2,2012-01-27,188.0
HOUSEHOLD_2_CA_2,2012-01-28,315.0
HOUSEHOLD_2_CA_2,2012-01-29,324.0
HOUSEHOLD_2_CA_2,2012-01-30,158.0
HOUSEHOLD_2_CA_2,2012-01-31,178.0
HOUSEHOLD_2_CA_2,2012-02-01,192.0
HOUSEHOLD_2_CA_2,2012-02-02,160.0
HOUSEHOLD_2_CA_2,2012-02-03,234.0
HOUSEHOLD_2_CA_2,2012-02-04,401.0
HOUSEHOLD_2_CA_2,2012-02-05,256.0
HOUSEHOLD_2_CA_2,2012-02-06,159.0
HOUSEHOLD_2_CA_2,2012-02-07,179.0
HOUSEHOLD_2_CA_2,2012-02-08,179.0
HOUSEHOLD_2_CA_2,2012-02-09,155.0
HOUSEHOLD_2_CA_2,2012-02-10,220.0
HOUSEHOLD_2_CA_2,2012-02-11,352.0
HOUSEHOLD_2_CA_2,2012-02-12,331.0
HOUSEHOLD_2_CA_2,2012-02-13,187.0
HOUSEHOLD_2_CA_2,2012-02-14,137.0
HOUSEHOLD_2_CA_2,2012-02-15,174.0
HOUSEHOLD_2_CA_2,2012-02-16,183.0
HOUSEHOLD_2_CA_2,2012-02-17,233.0
HOUSEHOLD_2_CA_2,2012-02-18,292.0
HOUSEHOLD_2_CA_2,2012-02-19,312.0
HOUSEHOLD_2_CA_2,2012-02-20,278.0
HOUSEHOLD_2_CA_2,2012-02-21,143.0
HOUSEHOLD_2_CA_2,2012-02-22,178.0
HOUSEHOLD_2_CA_2,2012-02-23,178.0
HOUSEHOLD_2_CA_2,2012-02-24,213.0
HOUSEHOLD_2_CA_2,2012-02-25,263.0
HOUSEHOLD_2_CA_2,2012-02-26,258.0
HOUSEHOLD_2_CA_2,2012-02-27,182.0
HOUSEHOLD_2_CA_2,2012-02-28,162.0
HOUSEHOLD_2_CA_2,2012-02-29,185.0
HOUSEHOLD_2_CA_2,2012-03-01,163.0
HOUSEHOLD_2_CA_2,2012-03-02,225.0
HOUSEHOLD_2_CA_2,2012-03-03,371.0
HOUSEHOLD_2_CA_2,2012-03-04,332.0
HOUSEHOLD_2_CA_2,2012-03-05,188.0
HOUSEHOLD_2_CA_2,2012-03-06,168.0
HOUSEHOLD_2_CA_2,2012-03-07,228.0
HOUSEHOLD_2_CA_2,2012-03-08,219.0
HOUSEHOLD_2_CA_2,2012-03-09,266.0
HOUSEHOLD_2_CA_2,2012-03-10,368.0
HOUSEHOLD_2_CA_2,2012-03-11,332.0
HOUSEHOLD_2_CA_2,2012-03-12,207.0
HOUSEHOLD_2_CA_2,2012-03-13,170.0
HOUSEHOLD_2_CA_2,2012-03-14,181.0
HOUSEHOLD_2_CA_2,2012-03-15,183.0
HOUSEHOLD_2_CA_2,2012-03-16,198.0
HOUSEHOLD_2_CA_2,2012-03-17,349.0
HOUSEHOLD_2_CA_2,2012-03-18,323.0
HOUSEHOLD_2_CA_2,2012-03-19,225.0
HOUSEHOLD_2_CA_2,2012-03-20,199.0
HOUSEHOLD_2_CA_2,2012-03-21,175.0
HOUSEHOLD_2_CA_2,2012-03-22,202.0
HOUSEHOLD_2_CA_2,2012-03-23,225.0
HOUSEHOLD_2_CA_2,2012-03-24,291.0
HOUSEHOLD_2_CA_2,2012-03-25,327.0
HOUSEHOLD_2_CA_2,2012-03-26,198.0
HOUSEHOLD_2_CA_2,2012-03-27,172.0
HOUSEHOLD_2_CA_2,2012-03-28,165.0
HOUSEHOLD_2_CA_2,2012-03-29,215.0
HOUSEHOLD_2_CA_2,2012-03-30,245.0
HOUSEHOLD_2_CA_2,2012-03-31,341.0
HOUSEHOLD_2_CA_2,2012-04-01,340.0
HOUSEHOLD_2_CA_2,2012-04-02,199.0
HOUSEHOLD_2_CA_2,2012-04-03,212.0
HOUSEHOLD_2_CA_2,2012-04-04,162.0
HOUSEHOLD_2_CA_2,2012-04-05,211.0
HOUSEHOLD_2_CA_2,2012-04-06,240.0
HOUSEHOLD_2_CA_2,2012-04-07,328.0
HOUSEHOLD_2_CA_2,2012-04-08,317.0
HOUSEHOLD_2_CA_2,2012-04-09,180.0
HOUSEHOLD_2_CA_2,2012-04-10,170.0
HOUSEHOLD_2_CA_2,2012-04-11,199.0
HOUSEHOLD_2_CA_2,2012-04-12,192.0
HOUSEHOLD_2_CA_2,2012-04-13,277.0
HOUSEHOLD_2_CA_2,2012-04-14,330.0
HOUSEHOLD_2_CA_2,2012-04-15,318.0
HOUSEHOLD_2_CA_2,2012-04-16,187.0
HOUSEHOLD_2_CA_2,2012-04-17,192.0
HOUSEHOLD_2_CA_2,2012-04-18,191.0
HOUSEHOLD_2_CA_2,2012-04-19,173.0
HOUSEHOLD_2_CA_2,2012-04-20,241.0
HOUSEHOLD_2_CA_2,2012-04-21,299.0
HOUSEHOLD_2_CA_2,2012-04-22,312.0
HOUSEHOLD_2_CA_2,2012-04-23,197.0
HOUSEHOLD_2_CA_2,2012-04-24,171.0
HOUSEHOLD_2_CA_2,2012-04-25,170.0
HOUSEHOLD_2_CA_2,2012-04-26,195.0
HOUSEHOLD_2_CA_2,2012-04-27,297.0
HOUSEHOLD_2_CA_2,2012-04-28,323.0
HOUSEHOLD_2_CA_2,2012-04-29,293.0
HOUSEHOLD_2_CA_2,2012-04-30,215.0
HOUSEHOLD_2_CA_2,2012-05-01,215.0
HOUSEHOLD_2_CA_2,2012-05-02,196.0
HOUSEHOLD_2_CA_2,2012-05-03,180.0
HOUSEHOLD_2_CA_2,2012-05-04,226.0
HOUSEHOLD_2_CA_2,2012-05-05,349.0
HOUSEHOLD_2_CA_2,2012-05-06,383.0
HOUSEHOLD_2_CA_2,2012-05-07,187.0
HOUSEHOLD_2_CA_2,2012-05-08,212.0
HOUSEHOLD_2_CA_2,2012-05-09,162.0
HOUSEHOLD_2_CA_2,2012-05-10,185.0
HOUSEHOLD_2_CA_2,2012-05-11,239.0
HOUSEHOLD_2_CA_2,2012-05-12,284.0
HOUSEHOLD_2_CA_2,2012-05-13,233.0
HOUSEHOLD_2_CA_2,2012-05-14,177.0
HOUSEHOLD_2_CA_2,2012-05-15,204.0
HOUSEHOLD_2_CA_2,2012-05-16,208.0
HOUSEHOLD_2_CA_2,2012-05-17,183.0
HOUSEHOLD_2_CA_2,2012-05-18,223.0
HOUSEHOLD_2_CA_2,2012-05-19,332.0
HOUSEHOLD_2_CA_2,2012-05-20,344.0
HOUSEHOLD_2_CA_2,2012-05-21,159.0
HOUSEHOLD_2_CA_2,2012-05-22,206.0
HOUSEHOLD_2_CA_2,2012-05-23,179.0
HOUSEHOLD_2_CA_2,2012-05-24,175.0
HOUSEHOLD_2_CA_2,2012-05-25,216.0
HOUSEHOLD_2_CA_2,2012-05-26,295.0
HOUSEHOLD_2_CA_2,2012-05-27,278.0
HOUSEHOLD_2_CA_2,2012-05-28,280.0
HOUSEHOLD_2_CA_2,2012-05-29,228.0
HOUSEHOLD_2_CA_2,2012-05-30,176.0
HOUSEHOLD_2_CA_2,2012-05-31,218.0
HOUSEHOLD_2_CA_2,2012-06-01,272.0
HOUSEHOLD_2_CA_2,2012-06-02,330.0
HOUSEHOLD_2_CA_2,2012-06-03,398.0
HOUSEHOLD_2_CA_2,2012-06-04,190.0
HOUSEHOLD_2_CA_2,2012-06-05,232.0
HOUSEHOLD_2_CA_2,2012-06-06,174.0
HOUSEHOLD_2_CA_2,2012-06-07,234.0
HOUSEHOLD_2_CA_2,2012-06-08,252.0
HOUSEHOLD_2_CA_2,2012-06-09,297.0
HOUSEHOLD_2_CA_2,2012-06-10,316.0
HOUSEHOLD_2_CA_2,2012-06-11,195.0
HOUSEHOLD_2_CA_2,2012-06-12,216.0
HOUSEHOLD_2_CA_2,2012-06-13,199.0
HOUSEHOLD_2_CA_2,2012-06-14,241.0
HOUSEHOLD_2_CA_2,2012-06-15,250.0
HOUSEHOLD_2_CA_2,2012-06-16,300.0
HOUSEHOLD_2_CA_2,2012-06-17,277.0
HOUSEHOLD_2_CA_2,2012-06-18,210.0
HOUSEHOLD_2_CA_2,2012-06-19,214.0
HOUSEHOLD_2_CA_2,2012-06-20,209.0
HOUSEHOLD_2_CA_2,2012-06-21,242.0
HOUSEHOLD_2_CA_2,2012-06-22,273.0
HOUSEHOLD_2_CA_2,2012-06-23,352.0
HOUSEHOLD_2_CA_2,2012-06-24,280.0
HOUSEHOLD_2_CA_2,2012-06-25,176.0
HOUSEHOLD_2_CA_2,2012-06-26,190.0
HOUSEHOLD_2_CA_2,2012-06-27,204.0
HOUSEHOLD_2_CA_2,2012-06-28,215.0
HOUSEHOLD_2_CA_2,2012-06-29,267.0
HOUSEHOLD_2_CA_2,2012-06-30,309.0
HOUSEHOLD_2_CA_2,2012-07-01,311.0
HOUSEHOLD_2_CA_2,2012-07-02,237.0
HOUSEHOLD_2_CA_2,2012-07-03,205.0
HOUSEHOLD_2_CA_2,2012-07-04,236.0
HOUSEHOLD_2_CA_2,2012-07-05,223.0
HOUSEHOLD_2_CA_2,2012-07-06,262.0
HOUSEHOLD_2_CA_2,2012-07-07,300.0
HOUSEHOLD_2_CA_2,2012-07-08,288.0
HOUSEHOLD_2_CA_2,2012-07-09,223.0
HOUSEHOLD_2_CA_2,2012-07-10,181.0
HOUSEHOLD_2_CA_2,2012-07-11,193.0
HOUSEHOLD_2_CA_2,2012-07-12,203.0
HOUSEHOLD_2_CA_2,2012-07-13,247.0
HOUSEHOLD_2_CA_2,2012-07-14,339.0
HOUSEHOLD_2_CA_2,2012-07-15,338.0
HOUSEHOLD_2_CA_2,2012-07-16,177.0
HOUSEHOLD_2_CA_2,2012-07-17,219.0
HOUSEHOLD_2_CA_2,2012-07-18,164.0
HOUSEHOLD_2_CA_2,2012-07-19,194.0
HOUSEHOLD_2_CA_2,2012-07-20,222.0
HOUSEHOLD_2_CA_2,2012-07-21,309.0
HOUSEHOLD_2_CA_2,2012-07-22,297.0
HOUSEHOLD_2_CA_2,2012-07-23,217.0
HOUSEHOLD_2_CA_2,2012-07-24,216.0
HOUSEHOLD_2_CA_2,2012-07-25,181.0
HOUSEHOLD_2_CA_2,2012-07-26,180.0
HOUSEHOLD_2_CA_2,2012-07-27,240.0
HOUSEHOLD_2_CA_2,2012-07-28,317.0
HOUSEHOLD_2_CA_2,2012-07-29,252.0
HOUSEHOLD_2_CA_2,2012-07-30,223.0
HOUSEHOLD_2_CA_2,2012-07-31,203.0
HOUSEHOLD_2_CA_2,2012-08-01,208.0
HOUSEHOLD_2_CA_2,2012-08-02,211.0
HOUSEHOLD_2_CA_2,2012-08-03,222.0
HOUSEHOLD_2_CA_2,2012-08-04,293.0
HOUSEHOLD_2_CA_2,2012-08-05,296.0
HOUSEHOLD_2_CA_2,2012-08-06,225.0
HOUSEHOLD_2_CA_2,2012-08-07,182.0
HOUSEHOLD_2_CA_2,2012-08-08,176.0
HOUSEHOLD_2_CA_2,2012-08-09,227.0
HOUSEHOLD_2_CA_2,2012-08-10,285.0
HOUSEHOLD_2_CA_2,2012-08-11,309.0
HOUSEHOLD_2_CA_2,2012-08-12,315.0
HOUSEHOLD_2_CA_2,2012-08-13,211.0
HOUSEHOLD_2_CA_2,2012-08-14,191.0
HOUSEHOLD_2_CA_2,2012-08-15,198.0
HOUSEHOLD_2_CA_2,2012-08-16,227.0
HOUSEHOLD_2_CA_2,2012-08-17,257.0
HOUSEHOLD_2_CA_2,2012-08-18,287.0
HOUSEHOLD_2_CA_2,2012-08-19,340.0
HOUSEHOLD_2_CA_2,2012-08-20,192.0
HOUSEHOLD_2_CA_2,2012-08-21,205.0
HOUSEHOLD_2_CA_2,2012-08-22,220.0
HOUSEHOLD_2_CA_2,2012-08-23,179.0
HOUSEHOLD_2_CA_2,2012-08-24,199.0
HOUSEHOLD_2_CA_2,2012-08-25,319.0
HOUSEHOLD_2_CA_2,2012-08-26,318.0
HOUSEHOLD_2_CA_2,2012-08-27,188.0
HOUSEHOLD_2_CA_2,2012-08-28,177.0
HOUSEHOLD_2_CA_2,2012-08-29,227.0
HOUSEHOLD_2_CA_2,2012-08-30,185.0
HOUSEHOLD_2_CA_2,2012-08-31,213.0
HOUSEHOLD_2_CA_2,2012-09-01,348.0
HOUSEHOLD_2_CA_2,2012-09-02,272.0
HOUSEHOLD_2_CA_2,2012-09-03,295.0
HOUSEHOLD_2_CA_2,2012-09-04,166.0
HOUSEHOLD_2_CA_2,2012-09-05,181.0
HOUSEHOLD_2_CA_2,2012-09-06,190.0
HOUSEHOLD_2_CA_2,2012-09-07,249.0
HOUSEHOLD_2_CA_2,2012-09-08,344.0
HOUSEHOLD_2_CA_2,2012-09-09,322.0
HOUSEHOLD_2_CA_2,2012-09-10,207.0
HOUSEHOLD_2_CA_2,2012-09-11,193.0
HOUSEHOLD_2_CA_2,2012-09-12,180.0
HOUSEHOLD_2_CA_2,2012-09-13,182.0
HOUSEHOLD_2_CA_2,2012-09-14,246.0
HOUSEHOLD_2_CA_2,2012-09-15,378.0
HOUSEHOLD_2_CA_2,2012-09-16,306.0
HOUSEHOLD_2_CA_2,2012-09-17,200.0
HOUSEHOLD_2_CA_2,2012-09-18,163.0
HOUSEHOLD_2_CA_2,2012-09-19,170.0
HOUSEHOLD_2_CA_2,2012-09-20,183.0
HOUSEHOLD_2_CA_2,2012-09-21,277.0
HOUSEHOLD_2_CA_2,2012-09-22,355.0
HOUSEHOLD_2_CA_2,2012-09-23,339.0
HOUSEHOLD_2_CA_2,2012-09-24,210.0
HOUSEHOLD_2_CA_2,2012-09-25,174.0
HOUSEHOLD_2_CA_2,2012-09-26,171.0
HOUSEHOLD_2_CA_2,2012-09-27,179.0
HOUSEHOLD_2_CA_2,2012-09-28,213.0
HOUSEHOLD_2_CA_2,2012-09-29,331.0
HOUSEHOLD_2_CA_2,2012-09-30,333.0
HOUSEHOLD_2_CA_2,2012-10-01,207.0
HOUSEHOLD_2_CA_2,2012-10-02,169.0
HOUSEHOLD_2_CA_2,2012-10-03,185.0
HOUSEHOLD_2_CA_2,2012-10-04,165.0
HOUSEHOLD_2_CA_2,2012-10-05,227.0
HOUSEHOLD_2_CA_2,2012-10-06,320.0
HOUSEHOLD_2_CA_2,2012-10-07,279.0
HOUSEHOLD_2_CA_2,2012-10-08,204.0
HOUSEHOLD_2_CA_2,2012-10-09,194.0
HOUSEHOLD_2_CA_2,2012-10-10,193.0
HOUSEHOLD_2_CA_2,2012-10-11,160.0
HOUSEHOLD_2_CA_2,2012-10-12,222.0
HOUSEHOLD_2_CA_2,2012-10-13,344.0
HOUSEHOLD_2_CA_2,2012-10-14,353.0
HOUSEHOLD_2_CA_2,2012-10-15,185.0
HOUSEHOLD_2_CA_2,2012-10-16,192.0
HOUSEHOLD_2_CA_2,2012-10-17,187.0
HOUSEHOLD_2_CA_2,2012-10-18,160.0
HOUSEHOLD_2_CA_2,2012-10-19,236.0
HOUSEHOLD_2_CA_2,2012-10-20,352.0
HOUSEHOLD_2_CA_2,2012-10-21,323.0
HOUSEHOLD_2_CA_2,2012-10-22,195.0
HOUSEHOLD_2_CA_2,2012-10-23,171.0
HOUSEHOLD_2_CA_2,2012-10-24,173.0
HOUSEHOLD_2_CA_2,2012-10-25,167.0
HOUSEHOLD_2_CA_2,2012-10-26,197.0
HOUSEHOLD_2_CA_2,2012-10-27,269.0
HOUSEHOLD_2_CA_2,2012-10-28,313.0
HOUSEHOLD_2_CA_2,2012-10-29,151.0
HOUSEHOLD_2_CA_2,2012-10-30,194.0
HOUSEHOLD_2_CA_2,2012-10-31,104.0
HOUSEHOLD_2_CA_2,2012-11-01,189.0
HOUSEHOLD_2_CA_2,2012-11-02,214.0
HOUSEHOLD_2_CA_2,2012-11-03,337.0
HOUSEHOLD_2_CA_2,2012-11-04,330.0
HOUSEHOLD_2_CA_2,2012-11-05,174.0
HOUSEHOLD_2_CA_2,2012-11-06,151.0
HOUSEHOLD_2_CA_2,2012-11-07,170.0
HOUSEHOLD_2_CA_2,2012-11-08,147.0
HOUSEHOLD_2_CA_2,2012-11-09,158.0
HOUSEHOLD_2_CA_2,2012-11-10,330.0
HOUSEHOLD_2_CA_2,2012-11-11,269.0
HOUSEHOLD_2_CA_2,2012-11-12,172.0
HOUSEHOLD_2_CA_2,2012-11-13,164.0
HOUSEHOLD_2_CA_2,2012-11-14,163.0
HOUSEHOLD_2_CA_2,2012-11-15,142.0
HOUSEHOLD_2_CA_2,2012-11-16,196.0
HOUSEHOLD_2_CA_2,2012-11-17,297.0
HOUSEHOLD_2_CA_2,2012-11-18,264.0
HOUSEHOLD_2_CA_2,2012-11-19,179.0
HOUSEHOLD_2_CA_2,2012-11-20,171.0
HOUSEHOLD_2_CA_2,2012-11-21,174.0
HOUSEHOLD_2_CA_2,2012-11-22,93.0
HOUSEHOLD_2_CA_2,2012-11-23,265.0
HOUSEHOLD_2_CA_2,2012-11-24,256.0
HOUSEHOLD_2_CA_2,2012-11-25,261.0
HOUSEHOLD_2_CA_2,2012-11-26,191.0
HOUSEHOLD_2_CA_2,2012-11-27,184.0
HOUSEHOLD_2_CA_2,2012-11-28,150.0
HOUSEHOLD_2_CA_2,2012-11-29,152.0
HOUSEHOLD_2_CA_2,2012-11-30,199.0
HOUSEHOLD_2_CA_2,2012-12-01,343.0
HOUSEHOLD_2_CA_2,2012-12-02,285.0
HOUSEHOLD_2_CA_2,2012-12-03,192.0
HOUSEHOLD_2_CA_2,2012-12-04,167.0
HOUSEHOLD_2_CA_2,2012-12-05,158.0
HOUSEHOLD_2_CA_2,2012-12-06,169.0
HOUSEHOLD_2_CA_2,2012-12-07,231.0
HOUSEHOLD_2_CA_2,2012-12-08,264.0
HOUSEHOLD_2_CA_2,2012-12-09,291.0
HOUSEHOLD_2_CA_2,2012-12-10,138.0
HOUSEHOLD_2_CA_2,2012-12-11,181.0
HOUSEHOLD_2_CA_2,2012-12-12,150.0
HOUSEHOLD_2_CA_2,2012-12-13,170.0
HOUSEHOLD_2_CA_2,2012-12-14,188.0
HOUSEHOLD_2_CA_2,2012-12-15,315.0
HOUSEHOLD_2_CA_2,2012-12-16,314.0
HOUSEHOLD_2_CA_2,2012-12-17,163.0
HOUSEHOLD_2_CA_2,2012-12-18,192.0
HOUSEHOLD_2_CA_2,2012-12-19,194.0
HOUSEHOLD_2_CA_2,2012-12-20,184.0
HOUSEHOLD_2_CA_2,2012-12-21,198.0
HOUSEHOLD_2_CA_2,2012-12-22,248.0
HOUSEHOLD_2_CA_2,2012-12-23,210.0
HOUSEHOLD_2_CA_2,2012-12-24,209.0
HOUSEHOLD_2_CA_2,2012-12-25,0.0
HOUSEHOLD_2_CA_2,2012-12-26,199.0
HOUSEHOLD_2_CA_2,2012-12-27,194.0
HOUSEHOLD_2_CA_2,2012-12-28,176.0
HOUSEHOLD_2_CA_2,2012-12-29,230.0
HOUSEHOLD_2_CA_2,2012-12-30,204.0
HOUSEHOLD_2_CA_2,2012-12-31,186.0
HOUSEHOLD_2_CA_2,2013-01-01,163.0
HOUSEHOLD_2_CA_2,2013-01-02,169.0
HOUSEHOLD_2_CA_2,2013-01-03,173.0
HOUSEHOLD_2_CA_2,2013-01-04,179.0
HOUSEHOLD_2_CA_2,2013-01-05,278.0
HOUSEHOLD_2_CA_2,2013-01-06,230.0
HOUSEHOLD_2_CA_2,2013-01-07,148.0
HOUSEHOLD_2_CA_2,2013-01-08,140.0
HOUSEHOLD_2_CA_2,2013-01-09,116.0
HOUSEHOLD_2_CA_2,2013-01-10,147.0
HOUSEHOLD_2_CA_2,2013-01-11,189.0
HOUSEHOLD_2_CA_2,2013-01-12,276.0
HOUSEHOLD_2_CA_2,2013-01-13,260.0
HOUSEHOLD_2_CA_2,2013-01-14,176.0
HOUSEHOLD_2_CA_2,2013-01-15,149.0
HOUSEHOLD_2_CA_2,2013-01-16,181.0
HOUSEHOLD_2_CA_2,2013-01-17,201.0
HOUSEHOLD_2_CA_2,2013-01-18,213.0
HOUSEHOLD_2_CA_2,2013-01-19,320.0
HOUSEHOLD_2_CA_2,2013-01-20,243.0
HOUSEHOLD_2_CA_2,2013-01-21,211.0
HOUSEHOLD_2_CA_2,2013-01-22,143.0
HOUSEHOLD_2_CA_2,2013-01-23,160.0
HOUSEHOLD_2_CA_2,2013-01-24,118.0
HOUSEHOLD_2_CA_2,2013-01-25,246.0
HOUSEHOLD_2_CA_2,2013-01-26,324.0
HOUSEHOLD_2_CA_2,2013-01-27,321.0
HOUSEHOLD_2_CA_2,2013-01-28,144.0
HOUSEHOLD_2_CA_2,2013-01-29,147.0
HOUSEHOLD_2_CA_2,2013-01-30,165.0
HOUSEHOLD_2_CA_2,2013-01-31,203.0
HOUSEHOLD_2_CA_2,2013-02-01,223.0
HOUSEHOLD_2_CA_2,2013-02-02,352.0
HOUSEHOLD_2_CA_2,2013-02-03,219.0
HOUSEHOLD_2_CA_2,2013-02-04,174.0
HOUSEHOLD_2_CA_2,2013-02-05,183.0
HOUSEHOLD_2_CA_2,2013-02-06,138.0
HOUSEHOLD_2_CA_2,2013-02-07,129.0
HOUSEHOLD_2_CA_2,2013-02-08,212.0
HOUSEHOLD_2_CA_2,2013-02-09,279.0
HOUSEHOLD_2_CA_2,2013-02-10,323.0
HOUSEHOLD_2_CA_2,2013-02-11,191.0
HOUSEHOLD_2_CA_2,2013-02-12,164.0
HOUSEHOLD_2_CA_2,2013-02-13,167.0
HOUSEHOLD_2_CA_2,2013-02-14,143.0
HOUSEHOLD_2_CA_2,2013-02-15,220.0
HOUSEHOLD_2_CA_2,2013-02-16,297.0
HOUSEHOLD_2_CA_2,2013-02-17,275.0
HOUSEHOLD_2_CA_2,2013-02-18,208.0
HOUSEHOLD_2_CA_2,2013-02-19,136.0
HOUSEHOLD_2_CA_2,2013-02-20,196.0
HOUSEHOLD_2_CA_2,2013-02-21,174.0
HOUSEHOLD_2_CA_2,2013-02-22,284.0
HOUSEHOLD_2_CA_2,2013-02-23,335.0
HOUSEHOLD_2_CA_2,2013-02-24,302.0
HOUSEHOLD_2_CA_2,2013-02-25,211.0
HOUSEHOLD_2_CA_2,2013-02-26,154.0
HOUSEHOLD_2_CA_2,2013-02-27,176.0
HOUSEHOLD_2_CA_2,2013-02-28,170.0
HOUSEHOLD_2_CA_2,2013-03-01,249.0
HOUSEHOLD_2_CA_2,2013-03-02,379.0
HOUSEHOLD_2_CA_2,2013-03-03,321.0
HOUSEHOLD_2_CA_2,2013-03-04,209.0
HOUSEHOLD_2_CA_2,2013-03-05,193.0
HOUSEHOLD_2_CA_2,2013-03-06,166.0
HOUSEHOLD_2_CA_2,2013-03-07,166.0
HOUSEHOLD_2_CA_2,2013-03-08,200.0
HOUSEHOLD_2_CA_2,2013-03-09,360.0
HOUSEHOLD_2_CA_2,2013-03-10,344.0
HOUSEHOLD_2_CA_2,2013-03-11,204.0
HOUSEHOLD_2_CA_2,2013-03-12,184.0
HOUSEHOLD_2_CA_2,2013-03-13,173.0
HOUSEHOLD_2_CA_2,2013-03-14,167.0
HOUSEHOLD_2_CA_2,2013-03-15,262.0
HOUSEHOLD_2_CA_2,2013-03-16,366.0
HOUSEHOLD_2_CA_2,2013-03-17,338.0
HOUSEHOLD_2_CA_2,2013-03-18,200.0
HOUSEHOLD_2_CA_2,2013-03-19,184.0
HOUSEHOLD_2_CA_2,2013-03-20,207.0
HOUSEHOLD_2_CA_2,2013-03-21,194.0
HOUSEHOLD_2_CA_2,2013-03-22,274.0
HOUSEHOLD_2_CA_2,2013-03-23,364.0
HOUSEHOLD_2_CA_2,2013-03-24,381.0
HOUSEHOLD_2_CA_2,2013-03-25,209.0
HOUSEHOLD_2_CA_2,2013-03-26,234.0
HOUSEHOLD_2_CA_2,2013-03-27,210.0
HOUSEHOLD_2_CA_2,2013-03-28,188.0
HOUSEHOLD_2_CA_2,2013-03-29,278.0
HOUSEHOLD_2_CA_2,2013-03-30,311.0
HOUSEHOLD_2_CA_2,2013-03-31,347.0
HOUSEHOLD_2_CA_2,2013-04-01,232.0
HOUSEHOLD_2_CA_2,2013-04-02,202.0
HOUSEHOLD_2_CA_2,2013-04-03,205.0
HOUSEHOLD_2_CA_2,2013-04-04,211.0
HOUSEHOLD_2_CA_2,2013-04-05,229.0
HOUSEHOLD_2_CA_2,2013-04-06,317.0
HOUSEHOLD_2_CA_2,2013-04-07,351.0
HOUSEHOLD_2_CA_2,2013-04-08,249.0
HOUSEHOLD_2_CA_2,2013-04-09,212.0
HOUSEHOLD_2_CA_2,2013-04-10,160.0
HOUSEHOLD_2_CA_2,2013-04-11,166.0
HOUSEHOLD_2_CA_2,2013-04-12,249.0
HOUSEHOLD_2_CA_2,2013-04-13,362.0
HOUSEHOLD_2_CA_2,2013-04-14,320.0
HOUSEHOLD_2_CA_2,2013-04-15,194.0
HOUSEHOLD_2_CA_2,2013-04-16,234.0
HOUSEHOLD_2_CA_2,2013-04-17,176.0
HOUSEHOLD_2_CA_2,2013-04-18,206.0
HOUSEHOLD_2_CA_2,2013-04-19,252.0
HOUSEHOLD_2_CA_2,2013-04-20,365.0
HOUSEHOLD_2_CA_2,2013-04-21,379.0
HOUSEHOLD_2_CA_2,2013-04-22,243.0
HOUSEHOLD_2_CA_2,2013-04-23,225.0
HOUSEHOLD_2_CA_2,2013-04-24,199.0
HOUSEHOLD_2_CA_2,2013-04-25,202.0
HOUSEHOLD_2_CA_2,2013-04-26,261.0
HOUSEHOLD_2_CA_2,2013-04-27,370.0
HOUSEHOLD_2_CA_2,2013-04-28,337.0
HOUSEHOLD_2_CA_2,2013-04-29,206.0
HOUSEHOLD_2_CA_2,2013-04-30,228.0
HOUSEHOLD_2_CA_2,2013-05-01,254.0
HOUSEHOLD_2_CA_2,2013-05-02,252.0
HOUSEHOLD_2_CA_2,2013-05-03,258.0
HOUSEHOLD_2_CA_2,2013-05-04,352.0
HOUSEHOLD_2_CA_2,2013-05-05,388.0
HOUSEHOLD_2_CA_2,2013-05-06,231.0
HOUSEHOLD_2_CA_2,2013-05-07,210.0
HOUSEHOLD_2_CA_2,2013-05-08,233.0
HOUSEHOLD_2_CA_2,2013-05-09,214.0
HOUSEHOLD_2_CA_2,2013-05-10,222.0
HOUSEHOLD_2_CA_2,2013-05-11,357.0
HOUSEHOLD_2_CA_2,2013-05-12,299.0
HOUSEHOLD_2_CA_2,2013-05-13,201.0
HOUSEHOLD_2_CA_2,2013-05-14,189.0
HOUSEHOLD_2_CA_2,2013-05-15,227.0
HOUSEHOLD_2_CA_2,2013-05-16,215.0
HOUSEHOLD_2_CA_2,2013-05-17,261.0
HOUSEHOLD_2_CA_2,2013-05-18,372.0
HOUSEHOLD_2_CA_2,2013-05-19,333.0
HOUSEHOLD_2_CA_2,2013-05-20,230.0
HOUSEHOLD_2_CA_2,2013-05-21,247.0
HOUSEHOLD_2_CA_2,2013-05-22,219.0
HOUSEHOLD_2_CA_2,2013-05-23,224.0
HOUSEHOLD_2_CA_2,2013-05-24,303.0
HOUSEHOLD_2_CA_2,2013-05-25,309.0
HOUSEHOLD_2_CA_2,2013-05-26,320.0
HOUSEHOLD_2_CA_2,2013-05-27,357.0
HOUSEHOLD_2_CA_2,2013-05-28,236.0
HOUSEHOLD_2_CA_2,2013-05-29,217.0
HOUSEHOLD_2_CA_2,2013-05-30,204.0
HOUSEHOLD_2_CA_2,2013-05-31,284.0
HOUSEHOLD_2_CA_2,2013-06-01,358.0
HOUSEHOLD_2_CA_2,2013-06-02,368.0
HOUSEHOLD_2_CA_2,2013-06-03,273.0
HOUSEHOLD_2_CA_2,2013-06-04,254.0
HOUSEHOLD_2_CA_2,2013-06-05,255.0
HOUSEHOLD_2_CA_2,2013-06-06,220.0
HOUSEHOLD_2_CA_2,2013-06-07,305.0
HOUSEHOLD_2_CA_2,2013-06-08,371.0
HOUSEHOLD_2_CA_2,2013-06-09,368.0
HOUSEHOLD_2_CA_2,2013-06-10,226.0
HOUSEHOLD_2_CA_2,2013-06-11,231.0
HOUSEHOLD_2_CA_2,2013-06-12,219.0
HOUSEHOLD_2_CA_2,2013-06-13,215.0
HOUSEHOLD_2_CA_2,2013-06-14,280.0
HOUSEHOLD_2_CA_2,2013-06-15,398.0
HOUSEHOLD_2_CA_2,2013-06-16,330.0
HOUSEHOLD_2_CA_2,2013-06-17,249.0
HOUSEHOLD_2_CA_2,2013-06-18,219.0
HOUSEHOLD_2_CA_2,2013-06-19,248.0
HOUSEHOLD_2_CA_2,2013-06-20,234.0
HOUSEHOLD_2_CA_2,2013-06-21,272.0
HOUSEHOLD_2_CA_2,2013-06-22,361.0
HOUSEHOLD_2_CA_2,2013-06-23,403.0
HOUSEHOLD_2_CA_2,2013-06-24,231.0
HOUSEHOLD_2_CA_2,2013-06-25,222.0
HOUSEHOLD_2_CA_2,2013-06-26,173.0
HOUSEHOLD_2_CA_2,2013-06-27,219.0
HOUSEHOLD_2_CA_2,2013-06-28,253.0
HOUSEHOLD_2_CA_2,2013-06-29,312.0
HOUSEHOLD_2_CA_2,2013-06-30,355.0
HOUSEHOLD_2_CA_2,2013-07-01,261.0
HOUSEHOLD_2_CA_2,2013-07-02,241.0
HOUSEHOLD_2_CA_2,2013-07-03,260.0
HOUSEHOLD_2_CA_2,2013-07-04,226.0
HOUSEHOLD_2_CA_2,2013-07-05,293.0
HOUSEHOLD_2_CA_2,2013-07-06,301.0
HOUSEHOLD_2_CA_2,2013-07-07,336.0
HOUSEHOLD_2_CA_2,2013-07-08,187.0
HOUSEHOLD_2_CA_2,2013-07-09,230.0
HOUSEHOLD_2_CA_2,2013-07-10,199.0
HOUSEHOLD_2_CA_2,2013-07-11,204.0
HOUSEHOLD_2_CA_2,2013-07-12,271.0
HOUSEHOLD_2_CA_2,2013-07-13,347.0
HOUSEHOLD_2_CA_2,2013-07-14,297.0
HOUSEHOLD_2_CA_2,2013-07-15,208.0
HOUSEHOLD_2_CA_2,2013-07-16,187.0
HOUSEHOLD_2_CA_2,2013-07-17,242.0
HOUSEHOLD_2_CA_2,2013-07-18,204.0
HOUSEHOLD_2_CA_2,2013-07-19,225.0
HOUSEHOLD_2_CA_2,2013-07-20,329.0
HOUSEHOLD_2_CA_2,2013-07-21,316.0
HOUSEHOLD_2_CA_2,2013-07-22,187.0
HOUSEHOLD_2_CA_2,2013-07-23,189.0
HOUSEHOLD_2_CA_2,2013-07-24,200.0
HOUSEHOLD_2_CA_2,2013-07-25,215.0
HOUSEHOLD_2_CA_2,2013-07-26,251.0
HOUSEHOLD_2_CA_2,2013-07-27,312.0
HOUSEHOLD_2_CA_2,2013-07-28,286.0
HOUSEHOLD_2_CA_2,2013-07-29,213.0
HOUSEHOLD_2_CA_2,2013-07-30,223.0
HOUSEHOLD_2_CA_2,2013-07-31,225.0
HOUSEHOLD_2_CA_2,2013-08-01,254.0
HOUSEHOLD_2_CA_2,2013-08-02,237.0
HOUSEHOLD_2_CA_2,2013-08-03,368.0
HOUSEHOLD_2_CA_2,2013-08-04,297.0
HOUSEHOLD_2_CA_2,2013-08-05,212.0
HOUSEHOLD_2_CA_2,2013-08-06,182.0
HOUSEHOLD_2_CA_2,2013-08-07,165.0
HOUSEHOLD_2_CA_2,2013-08-08,201.0
HOUSEHOLD_2_CA_2,2013-08-09,201.0
HOUSEHOLD_2_CA_2,2013-08-10,320.0
HOUSEHOLD_2_CA_2,2013-08-11,300.0
HOUSEHOLD_2_CA_2,2013-08-12,197.0
HOUSEHOLD_2_CA_2,2013-08-13,169.0
HOUSEHOLD_2_CA_2,2013-08-14,206.0
HOUSEHOLD_2_CA_2,2013-08-15,279.0
HOUSEHOLD_2_CA_2,2013-08-16,248.0
HOUSEHOLD_2_CA_2,2013-08-17,375.0
HOUSEHOLD_2_CA_2,2013-08-18,351.0
HOUSEHOLD_2_CA_2,2013-08-19,236.0
HOUSEHOLD_2_CA_2,2013-08-20,174.0
HOUSEHOLD_2_CA_2,2013-08-21,223.0
HOUSEHOLD_2_CA_2,2013-08-22,208.0
HOUSEHOLD_2_CA_2,2013-08-23,235.0
HOUSEHOLD_2_CA_2,2013-08-24,346.0
HOUSEHOLD_2_CA_2,2013-08-25,330.0
HOUSEHOLD_2_CA_2,2013-08-26,177.0
HOUSEHOLD_2_CA_2,2013-08-27,195.0
HOUSEHOLD_2_CA_2,2013-08-28,193.0
HOUSEHOLD_2_CA_2,2013-08-29,194.0
HOUSEHOLD_2_CA_2,2013-08-30,222.0
HOUSEHOLD_2_CA_2,2013-08-31,345.0
HOUSEHOLD_2_CA_2,2013-09-01,297.0
HOUSEHOLD_2_CA_2,2013-09-02,312.0
HOUSEHOLD_2_CA_2,2013-09-03,180.0
HOUSEHOLD_2_CA_2,2013-09-04,180.0
HOUSEHOLD_2_CA_2,2013-09-05,208.0
HOUSEHOLD_2_CA_2,2013-09-06,219.0
HOUSEHOLD_2_CA_2,2013-09-07,389.0
HOUSEHOLD_2_CA_2,2013-09-08,295.0
HOUSEHOLD_2_CA_2,2013-09-09,189.0
HOUSEHOLD_2_CA_2,2013-09-10,215.0
HOUSEHOLD_2_CA_2,2013-09-11,183.0
HOUSEHOLD_2_CA_2,2013-09-12,187.0
HOUSEHOLD_2_CA_2,2013-09-13,189.0
HOUSEHOLD_2_CA_2,2013-09-14,310.0
HOUSEHOLD_2_CA_2,2013-09-15,393.0
HOUSEHOLD_2_CA_2,2013-09-16,207.0
HOUSEHOLD_2_CA_2,2013-09-17,197.0
HOUSEHOLD_2_CA_2,2013-09-18,184.0
HOUSEHOLD_2_CA_2,2013-09-19,173.0
HOUSEHOLD_2_CA_2,2013-09-20,256.0
HOUSEHOLD_2_CA_2,2013-09-21,377.0
HOUSEHOLD_2_CA_2,2013-09-22,410.0
HOUSEHOLD_2_CA_2,2013-09-23,207.0
HOUSEHOLD_2_CA_2,2013-09-24,187.0
HOUSEHOLD_2_CA_2,2013-09-25,179.0
HOUSEHOLD_2_CA_2,2013-09-26,172.0
HOUSEHOLD_2_CA_2,2013-09-27,230.0
HOUSEHOLD_2_CA_2,2013-09-28,349.0
HOUSEHOLD_2_CA_2,2013-09-29,296.0
HOUSEHOLD_2_CA_2,2013-09-30,221.0
HOUSEHOLD_2_CA_2,2013-10-01,156.0
HOUSEHOLD_2_CA_2,2013-10-02,177.0
HOUSEHOLD_2_CA_2,2013-10-03,209.0
HOUSEHOLD_2_CA_2,2013-10-04,245.0
HOUSEHOLD_2_CA_2,2013-10-05,318.0
HOUSEHOLD_2_CA_2,2013-10-06,330.0
HOUSEHOLD_2_CA_2,2013-10-07,253.0
HOUSEHOLD_2_CA_2,2013-10-08,182.0
HOUSEHOLD_2_CA_2,2013-10-09,213.0
HOUSEHOLD_2_CA_2,2013-10-10,174.0
HOUSEHOLD_2_CA_2,2013-10-11,238.0
HOUSEHOLD_2_CA_2,2013-10-12,305.0
HOUSEHOLD_2_CA_2,2013-10-13,347.0
HOUSEHOLD_2_CA_2,2013-10-14,215.0
HOUSEHOLD_2_CA_2,2013-10-15,177.0
HOUSEHOLD_2_CA_2,2013-10-16,153.0
HOUSEHOLD_2_CA_2,2013-10-17,199.0
HOUSEHOLD_2_CA_2,2013-10-18,249.0
HOUSEHOLD_2_CA_2,2013-10-19,341.0
HOUSEHOLD_2_CA_2,2013-10-20,386.0
HOUSEHOLD_2_CA_2,2013-10-21,166.0
HOUSEHOLD_2_CA_2,2013-10-22,172.0
HOUSEHOLD_2_CA_2,2013-10-23,179.0
HOUSEHOLD_2_CA_2,2013-10-24,201.0
HOUSEHOLD_2_CA_2,2013-10-25,264.0
HOUSEHOLD_2_CA_2,2013-10-26,342.0
HOUSEHOLD_2_CA_2,2013-10-27,333.0
HOUSEHOLD_2_CA_2,2013-10-28,220.0
HOUSEHOLD_2_CA_2,2013-10-29,190.0
HOUSEHOLD_2_CA_2,2013-10-30,233.0
HOUSEHOLD_2_CA_2,2013-10-31,170.0
HOUSEHOLD_2_CA_2,2013-11-01,208.0
HOUSEHOLD_2_CA_2,2013-11-02,331.0
HOUSEHOLD_2_CA_2,2013-11-03,319.0
HOUSEHOLD_2_CA_2,2013-11-04,183.0
HOUSEHOLD_2_CA_2,2013-11-05,186.0
HOUSEHOLD_2_CA_2,2013-11-06,231.0
HOUSEHOLD_2_CA_2,2013-11-07,211.0
HOUSEHOLD_2_CA_2,2013-11-08,197.0
HOUSEHOLD_2_CA_2,2013-11-09,309.0
HOUSEHOLD_2_CA_2,2013-11-10,329.0
HOUSEHOLD_2_CA_2,2013-11-11,221.0
HOUSEHOLD_2_CA_2,2013-11-12,166.0
HOUSEHOLD_2_CA_2,2013-11-13,164.0
HOUSEHOLD_2_CA_2,2013-11-14,159.0
HOUSEHOLD_2_CA_2,2013-11-15,219.0
HOUSEHOLD_2_CA_2,2013-11-16,317.0
HOUSEHOLD_2_CA_2,2013-11-17,328.0
HOUSEHOLD_2_CA_2,2013-11-18,179.0
HOUSEHOLD_2_CA_2,2013-11-19,172.0
HOUSEHOLD_2_CA_2,2013-11-20,165.0
HOUSEHOLD_2_CA_2,2013-11-21,190.0
HOUSEHOLD_2_CA_2,2013-11-22,243.0
HOUSEHOLD_2_CA_2,2013-11-23,324.0
HOUSEHOLD_2_CA_2,2013-11-24,337.0
HOUSEHOLD_2_CA_2,2013-11-25,203.0
HOUSEHOLD_2_CA_2,2013-11-26,194.0
HOUSEHOLD_2_CA_2,2013-11-27,253.0
HOUSEHOLD_2_CA_2,2013-11-28,77.0
HOUSEHOLD_2_CA_2,2013-11-29,297.0
HOUSEHOLD_2_CA_2,2013-11-30,317.0
HOUSEHOLD_2_CA_2,2013-12-01,324.0
HOUSEHOLD_2_CA_2,2013-12-02,212.0
HOUSEHOLD_2_CA_2,2013-12-03,185.0
HOUSEHOLD_2_CA_2,2013-12-04,202.0
HOUSEHOLD_2_CA_2,2013-12-05,163.0
HOUSEHOLD_2_CA_2,2013-12-06,246.0
HOUSEHOLD_2_CA_2,2013-12-07,348.0
HOUSEHOLD_2_CA_2,2013-12-08,309.0
HOUSEHOLD_2_CA_2,2013-12-09,211.0
HOUSEHOLD_2_CA_2,2013-12-10,205.0
HOUSEHOLD_2_CA_2,2013-12-11,211.0
HOUSEHOLD_2_CA_2,2013-12-12,175.0
HOUSEHOLD_2_CA_2,2013-12-13,235.0
HOUSEHOLD_2_CA_2,2013-12-14,405.0
HOUSEHOLD_2_CA_2,2013-12-15,372.0
HOUSEHOLD_2_CA_2,2013-12-16,198.0
HOUSEHOLD_2_CA_2,2013-12-17,185.0
HOUSEHOLD_2_CA_2,2013-12-18,203.0
HOUSEHOLD_2_CA_2,2013-12-19,193.0
HOUSEHOLD_2_CA_2,2013-12-20,241.0
HOUSEHOLD_2_CA_2,2013-12-21,314.0
HOUSEHOLD_2_CA_2,2013-12-22,304.0
HOUSEHOLD_2_CA_2,2013-12-23,200.0
HOUSEHOLD_2_CA_2,2013-12-24,186.0
HOUSEHOLD_2_CA_2,2013-12-25,0.0
HOUSEHOLD_2_CA_2,2013-12-26,235.0
HOUSEHOLD_2_CA_2,2013-12-27,195.0
HOUSEHOLD_2_CA_2,2013-12-28,250.0
HOUSEHOLD_2_CA_2,2013-12-29,289.0
HOUSEHOLD_2_CA_2,2013-12-30,221.0
HOUSEHOLD_2_CA_2,2013-12-31,187.0
HOUSEHOLD_2_CA_2,2014-01-01,166.0
HOUSEHOLD_2_CA_2,2014-01-02,189.0
HOUSEHOLD_2_CA_2,2014-01-03,185.0
HOUSEHOLD_2_CA_2,2014-01-04,265.0
HOUSEHOLD_2_CA_2,2014-01-05,283.0
HOUSEHOLD_2_CA_2,2014-01-06,171.0
HOUSEHOLD_2_CA_2,2014-01-07,201.0
HOUSEHOLD_2_CA_2,2014-01-08,173.0
HOUSEHOLD_2_CA_2,2014-01-09,165.0
HOUSEHOLD_2_CA_2,2014-01-10,188.0
HOUSEHOLD_2_CA_2,2014-01-11,359.0
HOUSEHOLD_2_CA_2,2014-01-12,280.0
HOUSEHOLD_2_CA_2,2014-01-13,181.0
HOUSEHOLD_2_CA_2,2014-01-14,148.0
HOUSEHOLD_2_CA_2,2014-01-15,198.0
HOUSEHOLD_2_CA_2,2014-01-16,213.0
HOUSEHOLD_2_CA_2,2014-01-17,244.0
HOUSEHOLD_2_CA_2,2014-01-18,359.0
HOUSEHOLD_2_CA_2,2014-01-19,298.0
HOUSEHOLD_2_CA_2,2014-01-20,246.0
HOUSEHOLD_2_CA_2,2014-01-21,181.0
HOUSEHOLD_2_CA_2,2014-01-22,181.0
HOUSEHOLD_2_CA_2,2014-01-23,177.0
HOUSEHOLD_2_CA_2,2014-01-24,206.0
HOUSEHOLD_2_CA_2,2014-01-25,344.0
HOUSEHOLD_2_CA_2,2014-01-26,327.0
HOUSEHOLD_2_CA_2,2014-01-27,176.0
HOUSEHOLD_2_CA_2,2014-01-28,169.0
HOUSEHOLD_2_CA_2,2014-01-29,157.0
HOUSEHOLD_2_CA_2,2014-01-30,180.0
HOUSEHOLD_2_CA_2,2014-01-31,232.0
HOUSEHOLD_2_CA_2,2014-02-01,377.0
HOUSEHOLD_2_CA_2,2014-02-02,296.0
HOUSEHOLD_2_CA_2,2014-02-03,176.0
HOUSEHOLD_2_CA_2,2014-02-04,173.0
HOUSEHOLD_2_CA_2,2014-02-05,196.0
HOUSEHOLD_2_CA_2,2014-02-06,190.0
HOUSEHOLD_2_CA_2,2014-02-07,203.0
HOUSEHOLD_2_CA_2,2014-02-08,393.0
HOUSEHOLD_2_CA_2,2014-02-09,395.0
HOUSEHOLD_2_CA_2,2014-02-10,199.0
HOUSEHOLD_2_CA_2,2014-02-11,184.0
HOUSEHOLD_2_CA_2,2014-02-12,165.0
HOUSEHOLD_2_CA_2,2014-02-13,218.0
HOUSEHOLD_2_CA_2,2014-02-14,205.0
HOUSEHOLD_2_CA_2,2014-02-15,310.0
HOUSEHOLD_2_CA_2,2014-02-16,332.0
HOUSEHOLD_2_CA_2,2014-02-17,274.0
HOUSEHOLD_2_CA_2,2014-02-18,198.0
HOUSEHOLD_2_CA_2,2014-02-19,185.0
HOUSEHOLD_2_CA_2,2014-02-20,184.0
HOUSEHOLD_2_CA_2,2014-02-21,194.0
HOUSEHOLD_2_CA_2,2014-02-22,285.0
HOUSEHOLD_2_CA_2,2014-02-23,330.0
HOUSEHOLD_2_CA_2,2014-02-24,200.0
HOUSEHOLD_2_CA_2,2014-02-25,205.0
HOUSEHOLD_2_CA_2,2014-02-26,159.0
HOUSEHOLD_2_CA_2,2014-02-27,193.0
HOUSEHOLD_2_CA_2,2014-02-28,187.0
HOUSEHOLD_2_CA_2,2014-03-01,426.0
HOUSEHOLD_2_CA_2,2014-03-02,375.0
HOUSEHOLD_2_CA_2,2014-03-03,180.0
HOUSEHOLD_2_CA_2,2014-03-04,194.0
HOUSEHOLD_2_CA_2,2014-03-05,170.0
HOUSEHOLD_2_CA_2,2014-03-06,177.0
HOUSEHOLD_2_CA_2,2014-03-07,228.0
HOUSEHOLD_2_CA_2,2014-03-08,374.0
HOUSEHOLD_2_CA_2,2014-03-09,336.0
HOUSEHOLD_2_CA_2,2014-03-10,181.0
HOUSEHOLD_2_CA_2,2014-03-11,218.0
HOUSEHOLD_2_CA_2,2014-03-12,208.0
HOUSEHOLD_2_CA_2,2014-03-13,190.0
HOUSEHOLD_2_CA_2,2014-03-14,277.0
HOUSEHOLD_2_CA_2,2014-03-15,355.0
HOUSEHOLD_2_CA_2,2014-03-16,352.0
HOUSEHOLD_2_CA_2,2014-03-17,205.0
HOUSEHOLD_2_CA_2,2014-03-18,190.0
HOUSEHOLD_2_CA_2,2014-03-19,222.0
HOUSEHOLD_2_CA_2,2014-03-20,168.0
HOUSEHOLD_2_CA_2,2014-03-21,274.0
HOUSEHOLD_2_CA_2,2014-03-22,415.0
HOUSEHOLD_2_CA_2,2014-03-23,367.0
HOUSEHOLD_2_CA_2,2014-03-24,210.0
HOUSEHOLD_2_CA_2,2014-03-25,204.0
HOUSEHOLD_2_CA_2,2014-03-26,183.0
HOUSEHOLD_2_CA_2,2014-03-27,185.0
HOUSEHOLD_2_CA_2,2014-03-28,224.0
HOUSEHOLD_2_CA_2,2014-03-29,322.0
HOUSEHOLD_2_CA_2,2014-03-30,343.0
HOUSEHOLD_2_CA_2,2014-03-31,119.0
HOUSEHOLD_2_CA_2,2014-04-01,142.0
HOUSEHOLD_2_CA_2,2014-04-02,209.0
HOUSEHOLD_2_CA_2,2014-04-03,215.0
HOUSEHOLD_2_CA_2,2014-04-04,196.0
HOUSEHOLD_2_CA_2,2014-04-05,365.0
HOUSEHOLD_2_CA_2,2014-04-06,329.0
HOUSEHOLD_2_CA_2,2014-04-07,212.0
HOUSEHOLD_2_CA_2,2014-04-08,213.0
HOUSEHOLD_2_CA_2,2014-04-09,220.0
HOUSEHOLD_2_CA_2,2014-04-10,195.0
HOUSEHOLD_2_CA_2,2014-04-11,218.0
HOUSEHOLD_2_CA_2,2014-04-12,325.0
HOUSEHOLD_2_CA_2,2014-04-13,327.0
HOUSEHOLD_2_CA_2,2014-04-14,213.0
HOUSEHOLD_2_CA_2,2014-04-15,208.0
HOUSEHOLD_2_CA_2,2014-04-16,203.0
HOUSEHOLD_2_CA_2,2014-04-17,196.0
HOUSEHOLD_2_CA_2,2014-04-18,253.0
HOUSEHOLD_2_CA_2,2014-04-19,352.0
HOUSEHOLD_2_CA_2,2014-04-20,293.0
HOUSEHOLD_2_CA_2,2014-04-21,192.0
HOUSEHOLD_2_CA_2,2014-04-22,193.0
HOUSEHOLD_2_CA_2,2014-04-23,167.0
HOUSEHOLD_2_CA_2,2014-04-24,176.0
HOUSEHOLD_2_CA_2,2014-04-25,184.0
HOUSEHOLD_2_CA_2,2014-04-26,304.0
HOUSEHOLD_2_CA_2,2014-04-27,349.0
HOUSEHOLD_2_CA_2,2014-04-28,185.0
HOUSEHOLD_2_CA_2,2014-04-29,203.0
HOUSEHOLD_2_CA_2,2014-04-30,192.0
HOUSEHOLD_2_CA_2,2014-05-01,181.0
HOUSEHOLD_2_CA_2,2014-05-02,213.0
HOUSEHOLD_2_CA_2,2014-05-03,337.0
HOUSEHOLD_2_CA_2,2014-05-04,327.0
HOUSEHOLD_2_CA_2,2014-05-05,182.0
HOUSEHOLD_2_CA_2,2014-05-06,190.0
HOUSEHOLD_2_CA_2,2014-05-07,160.0
HOUSEHOLD_2_CA_2,2014-05-08,170.0
HOUSEHOLD_2_CA_2,2014-05-09,204.0
HOUSEHOLD_2_CA_2,2014-05-10,333.0
HOUSEHOLD_2_CA_2,2014-05-11,291.0
HOUSEHOLD_2_CA_2,2014-05-12,212.0
HOUSEHOLD_2_CA_2,2014-05-13,192.0
HOUSEHOLD_2_CA_2,2014-05-14,168.0
HOUSEHOLD_2_CA_2,2014-05-15,204.0
HOUSEHOLD_2_CA_2,2014-05-16,249.0
HOUSEHOLD_2_CA_2,2014-05-17,331.0
HOUSEHOLD_2_CA_2,2014-05-18,312.0
HOUSEHOLD_2_CA_2,2014-05-19,192.0
HOUSEHOLD_2_CA_2,2014-05-20,212.0
HOUSEHOLD_2_CA_2,2014-05-21,178.0
HOUSEHOLD_2_CA_2,2014-05-22,178.0
HOUSEHOLD_2_CA_2,2014-05-23,204.0
HOUSEHOLD_2_CA_2,2014-05-24,327.0
HOUSEHOLD_2_CA_2,2014-05-25,294.0
HOUSEHOLD_2_CA_2,2014-05-26,256.0
HOUSEHOLD_2_CA_2,2014-05-27,158.0
HOUSEHOLD_2_CA_2,2014-05-28,144.0
HOUSEHOLD_2_CA_2,2014-05-29,152.0
HOUSEHOLD_2_CA_2,2014-05-30,206.0
HOUSEHOLD_2_CA_2,2014-05-31,250.0
HOUSEHOLD_2_CA_2,2014-06-01,268.0
HOUSEHOLD_2_CA_2,2014-06-02,206.0
HOUSEHOLD_2_CA_2,2014-06-03,164.0
HOUSEHOLD_2_CA_2,2014-06-04,190.0
HOUSEHOLD_2_CA_2,2014-06-05,174.0
HOUSEHOLD_2_CA_2,2014-06-06,165.0
HOUSEHOLD_2_CA_2,2014-06-07,233.0
HOUSEHOLD_2_CA_2,2014-06-08,234.0
HOUSEHOLD_2_CA_2,2014-06-09,156.0
HOUSEHOLD_2_CA_2,2014-06-10,195.0
HOUSEHOLD_2_CA_2,2014-06-11,133.0
HOUSEHOLD_2_CA_2,2014-06-12,148.0
HOUSEHOLD_2_CA_2,2014-06-13,151.0
HOUSEHOLD_2_CA_2,2014-06-14,203.0
HOUSEHOLD_2_CA_2,2014-06-15,229.0
HOUSEHOLD_2_CA_2,2014-06-16,134.0
HOUSEHOLD_2_CA_2,2014-06-17,170.0
HOUSEHOLD_2_CA_2,2014-06-18,129.0
HOUSEHOLD_2_CA_2,2014-06-19,179.0
HOUSEHOLD_2_CA_2,2014-06-20,179.0
HOUSEHOLD_2_CA_2,2014-06-21,251.0
HOUSEHOLD_2_CA_2,2014-06-22,227.0
HOUSEHOLD_2_CA_2,2014-06-23,134.0
HOUSEHOLD_2_CA_2,2014-06-24,143.0
HOUSEHOLD_2_CA_2,2014-06-25,142.0
HOUSEHOLD_2_CA_2,2014-06-26,161.0
HOUSEHOLD_2_CA_2,2014-06-27,164.0
HOUSEHOLD_2_CA_2,2014-06-28,202.0
HOUSEHOLD_2_CA_2,2014-06-29,180.0
HOUSEHOLD_2_CA_2,2014-06-30,112.0
HOUSEHOLD_2_CA_2,2014-07-01,147.0
HOUSEHOLD_2_CA_2,2014-07-02,129.0
HOUSEHOLD_2_CA_2,2014-07-03,201.0
HOUSEHOLD_2_CA_2,2014-07-04,196.0
HOUSEHOLD_2_CA_2,2014-07-05,217.0
HOUSEHOLD_2_CA_2,2014-07-06,205.0
HOUSEHOLD_2_CA_2,2014-07-07,176.0
HOUSEHOLD_2_CA_2,2014-07-08,196.0
HOUSEHOLD_2_CA_2,2014-07-09,148.0
HOUSEHOLD_2_CA_2,2014-07-10,194.0
HOUSEHOLD_2_CA_2,2014-07-11,152.0
HOUSEHOLD_2_CA_2,2014-07-12,266.0
HOUSEHOLD_2_CA_2,2014-07-13,248.0
HOUSEHOLD_2_CA_2,2014-07-14,136.0
HOUSEHOLD_2_CA_2,2014-07-15,177.0
HOUSEHOLD_2_CA_2,2014-07-16,158.0
HOUSEHOLD_2_CA_2,2014-07-17,192.0
HOUSEHOLD_2_CA_2,2014-07-18,240.0
HOUSEHOLD_2_CA_2,2014-07-19,268.0
HOUSEHOLD_2_CA_2,2014-07-20,248.0
HOUSEHOLD_2_CA_2,2014-07-21,189.0
HOUSEHOLD_2_CA_2,2014-07-22,166.0
HOUSEHOLD_2_CA_2,2014-07-23,141.0
HOUSEHOLD_2_CA_2,2014-07-24,140.0
HOUSEHOLD_2_CA_2,2014-07-25,190.0
HOUSEHOLD_2_CA_2,2014-07-26,250.0
HOUSEHOLD_2_CA_2,2014-07-27,247.0
HOUSEHOLD_2_CA_2,2014-07-28,166.0
HOUSEHOLD_2_CA_2,2014-07-29,158.0
HOUSEHOLD_2_CA_2,2014-07-30,192.0
HOUSEHOLD_2_CA_2,2014-07-31,194.0
HOUSEHOLD_2_CA_2,2014-08-01,227.0
HOUSEHOLD_2_CA_2,2014-08-02,296.0
HOUSEHOLD_2_CA_2,2014-08-03,223.0
HOUSEHOLD_2_CA_2,2014-08-04,167.0
HOUSEHOLD_2_CA_2,2014-08-05,168.0
HOUSEHOLD_2_CA_2,2014-08-06,150.0
HOUSEHOLD_2_CA_2,2014-08-07,150.0
HOUSEHOLD_2_CA_2,2014-08-08,184.0
HOUSEHOLD_2_CA_2,2014-08-09,225.0
HOUSEHOLD_2_CA_2,2014-08-10,263.0
HOUSEHOLD_2_CA_2,2014-08-11,173.0
HOUSEHOLD_2_CA_2,2014-08-12,170.0
HOUSEHOLD_2_CA_2,2014-08-13,195.0
HOUSEHOLD_2_CA_2,2014-08-14,183.0
HOUSEHOLD_2_CA_2,2014-08-15,163.0
HOUSEHOLD_2_CA_2,2014-08-16,271.0
HOUSEHOLD_2_CA_2,2014-08-17,230.0
HOUSEHOLD_2_CA_2,2014-08-18,198.0
HOUSEHOLD_2_CA_2,2014-08-19,187.0
HOUSEHOLD_2_CA_2,2014-08-20,157.0
HOUSEHOLD_2_CA_2,2014-08-21,161.0
HOUSEHOLD_2_CA_2,2014-08-22,195.0
HOUSEHOLD_2_CA_2,2014-08-23,307.0
HOUSEHOLD_2_CA_2,2014-08-24,244.0
HOUSEHOLD_2_CA_2,2014-08-25,172.0
HOUSEHOLD_2_CA_2,2014-08-26,146.0
HOUSEHOLD_2_CA_2,2014-08-27,126.0
HOUSEHOLD_2_CA_2,2014-08-28,163.0
HOUSEHOLD_2_CA_2,2014-08-29,196.0
HOUSEHOLD_2_CA_2,2014-08-30,255.0
HOUSEHOLD_2_CA_2,2014-08-31,212.0
HOUSEHOLD_2_CA_2,2014-09-01,250.0
HOUSEHOLD_2_CA_2,2014-09-02,158.0
HOUSEHOLD_2_CA_2,2014-09-03,175.0
HOUSEHOLD_2_CA_2,2014-09-04,152.0
HOUSEHOLD_2_CA_2,2014-09-05,208.0
HOUSEHOLD_2_CA_2,2014-09-06,322.0
HOUSEHOLD_2_CA_2,2014-09-07,332.0
HOUSEHOLD_2_CA_2,2014-09-08,217.0
HOUSEHOLD_2_CA_2,2014-09-09,162.0
HOUSEHOLD_2_CA_2,2014-09-10,182.0
HOUSEHOLD_2_CA_2,2014-09-11,189.0
HOUSEHOLD_2_CA_2,2014-09-12,225.0
HOUSEHOLD_2_CA_2,2014-09-13,333.0
HOUSEHOLD_2_CA_2,2014-09-14,321.0
HOUSEHOLD_2_CA_2,2014-09-15,210.0
HOUSEHOLD_2_CA_2,2014-09-16,169.0
HOUSEHOLD_2_CA_2,2014-09-17,205.0
HOUSEHOLD_2_CA_2,2014-09-18,170.0
HOUSEHOLD_2_CA_2,2014-09-19,236.0
HOUSEHOLD_2_CA_2,2014-09-20,331.0
HOUSEHOLD_2_CA_2,2014-09-21,358.0
HOUSEHOLD_2_CA_2,2014-09-22,196.0
HOUSEHOLD_2_CA_2,2014-09-23,158.0
HOUSEHOLD_2_CA_2,2014-09-24,200.0
HOUSEHOLD_2_CA_2,2014-09-25,182.0
HOUSEHOLD_2_CA_2,2014-09-26,184.0
HOUSEHOLD_2_CA_2,2014-09-27,281.0
HOUSEHOLD_2_CA_2,2014-09-28,251.0
HOUSEHOLD_2_CA_2,2014-09-29,192.0
HOUSEHOLD_2_CA_2,2014-09-30,195.0
HOUSEHOLD_2_CA_2,2014-10-01,197.0
HOUSEHOLD_2_CA_2,2014-10-02,190.0
HOUSEHOLD_2_CA_2,2014-10-03,198.0
HOUSEHOLD_2_CA_2,2014-10-04,301.0
HOUSEHOLD_2_CA_2,2014-10-05,347.0
HOUSEHOLD_2_CA_2,2014-10-06,214.0
HOUSEHOLD_2_CA_2,2014-10-07,165.0
HOUSEHOLD_2_CA_2,2014-10-08,175.0
HOUSEHOLD_2_CA_2,2014-10-09,165.0
HOUSEHOLD_2_CA_2,2014-10-10,211.0
HOUSEHOLD_2_CA_2,2014-10-11,313.0
HOUSEHOLD_2_CA_2,2014-10-12,302.0
HOUSEHOLD_2_CA_2,2014-10-13,215.0
HOUSEHOLD_2_CA_2,2014-10-14,182.0
HOUSEHOLD_2_CA_2,2014-10-15,145.0
HOUSEHOLD_2_CA_2,2014-10-16,197.0
HOUSEHOLD_2_CA_2,2014-10-17,218.0
HOUSEHOLD_2_CA_2,2014-10-18,356.0
HOUSEHOLD_2_CA_2,2014-10-19,357.0
HOUSEHOLD_2_CA_2,2014-10-20,165.0
HOUSEHOLD_2_CA_2,2014-10-21,184.0
HOUSEHOLD_2_CA_2,2014-10-22,176.0
HOUSEHOLD_2_CA_2,2014-10-23,166.0
HOUSEHOLD_2_CA_2,2014-10-24,148.0
HOUSEHOLD_2_CA_2,2014-10-25,338.0
HOUSEHOLD_2_CA_2,2014-10-26,289.0
HOUSEHOLD_2_CA_2,2014-10-27,201.0
HOUSEHOLD_2_CA_2,2014-10-28,185.0
HOUSEHOLD_2_CA_2,2014-10-29,168.0
HOUSEHOLD_2_CA_2,2014-10-30,230.0
HOUSEHOLD_2_CA_2,2014-10-31,162.0
HOUSEHOLD_2_CA_2,2014-11-01,318.0
HOUSEHOLD_2_CA_2,2014-11-02,368.0
HOUSEHOLD_2_CA_2,2014-11-03,188.0
HOUSEHOLD_2_CA_2,2014-11-04,182.0
HOUSEHOLD_2_CA_2,2014-11-05,163.0
HOUSEHOLD_2_CA_2,2014-11-06,168.0
HOUSEHOLD_2_CA_2,2014-11-07,210.0
HOUSEHOLD_2_CA_2,2014-11-08,346.0
HOUSEHOLD_2_CA_2,2014-11-09,345.0
HOUSEHOLD_2_CA_2,2014-11-10,200.0
HOUSEHOLD_2_CA_2,2014-11-11,196.0
HOUSEHOLD_2_CA_2,2014-11-12,149.0
HOUSEHOLD_2_CA_2,2014-11-13,159.0
HOUSEHOLD_2_CA_2,2014-11-14,221.0
HOUSEHOLD_2_CA_2,2014-11-15,315.0
HOUSEHOLD_2_CA_2,2014-11-16,353.0
HOUSEHOLD_2_CA_2,2014-11-17,159.0
HOUSEHOLD_2_CA_2,2014-11-18,154.0
HOUSEHOLD_2_CA_2,2014-11-19,168.0
HOUSEHOLD_2_CA_2,2014-11-20,128.0
HOUSEHOLD_2_CA_2,2014-11-21,198.0
HOUSEHOLD_2_CA_2,2014-11-22,317.0
HOUSEHOLD_2_CA_2,2014-11-23,353.0
HOUSEHOLD_2_CA_2,2014-11-24,169.0
HOUSEHOLD_2_CA_2,2014-11-25,152.0
HOUSEHOLD_2_CA_2,2014-11-26,219.0
HOUSEHOLD_2_CA_2,2014-11-27,92.0
HOUSEHOLD_2_CA_2,2014-11-28,271.0
HOUSEHOLD_2_CA_2,2014-11-29,297.0
HOUSEHOLD_2_CA_2,2014-11-30,249.0
HOUSEHOLD_2_CA_2,2014-12-01,167.0
HOUSEHOLD_2_CA_2,2014-12-02,136.0
HOUSEHOLD_2_CA_2,2014-12-03,141.0
HOUSEHOLD_2_CA_2,2014-12-04,194.0
HOUSEHOLD_2_CA_2,2014-12-05,253.0
HOUSEHOLD_2_CA_2,2014-12-06,303.0
HOUSEHOLD_2_CA_2,2014-12-07,278.0
HOUSEHOLD_2_CA_2,2014-12-08,145.0
HOUSEHOLD_2_CA_2,2014-12-09,193.0
HOUSEHOLD_2_CA_2,2014-12-10,160.0
HOUSEHOLD_2_CA_2,2014-12-11,79.0
HOUSEHOLD_2_CA_2,2014-12-12,205.0
HOUSEHOLD_2_CA_2,2014-12-13,304.0
HOUSEHOLD_2_CA_2,2014-12-14,321.0
HOUSEHOLD_2_CA_2,2014-12-15,177.0
HOUSEHOLD_2_CA_2,2014-12-16,144.0
HOUSEHOLD_2_CA_2,2014-12-17,157.0
HOUSEHOLD_2_CA_2,2014-12-18,240.0
HOUSEHOLD_2_CA_2,2014-12-19,136.0
HOUSEHOLD_2_CA_2,2014-12-20,314.0
HOUSEHOLD_2_CA_2,2014-12-21,327.0
HOUSEHOLD_2_CA_2,2014-12-22,187.0
HOUSEHOLD_2_CA_2,2014-12-23,206.0
HOUSEHOLD_2_CA_2,2014-12-24,151.0
HOUSEHOLD_2_CA_2,2014-12-25,0.0
HOUSEHOLD_2_CA_2,2014-12-26,254.0
HOUSEHOLD_2_CA_2,2014-12-27,235.0
HOUSEHOLD_2_CA_2,2014-12-28,244.0
HOUSEHOLD_2_CA_2,2014-12-29,202.0
HOUSEHOLD_2_CA_2,2014-12-30,209.0
HOUSEHOLD_2_CA_2,2014-12-31,171.0
HOUSEHOLD_2_CA_2,2015-01-01,196.0
HOUSEHOLD_2_CA_2,2015-01-02,237.0
HOUSEHOLD_2_CA_2,2015-01-03,264.0
HOUSEHOLD_2_CA_2,2015-01-04,234.0
HOUSEHOLD_2_CA_2,2015-01-05,191.0
HOUSEHOLD_2_CA_2,2015-01-06,152.0
HOUSEHOLD_2_CA_2,2015-01-07,175.0
HOUSEHOLD_2_CA_2,2015-01-08,136.0
HOUSEHOLD_2_CA_2,2015-01-09,174.0
HOUSEHOLD_2_CA_2,2015-01-10,322.0
HOUSEHOLD_2_CA_2,2015-01-11,279.0
HOUSEHOLD_2_CA_2,2015-01-12,188.0
HOUSEHOLD_2_CA_2,2015-01-13,132.0
HOUSEHOLD_2_CA_2,2015-01-14,155.0
HOUSEHOLD_2_CA_2,2015-01-15,157.0
HOUSEHOLD_2_CA_2,2015-01-16,224.0
HOUSEHOLD_2_CA_2,2015-01-17,290.0
HOUSEHOLD_2_CA_2,2015-01-18,313.0
HOUSEHOLD_2_CA_2,2015-01-19,236.0
HOUSEHOLD_2_CA_2,2015-01-20,185.0
HOUSEHOLD_2_CA_2,2015-01-21,179.0
HOUSEHOLD_2_CA_2,2015-01-22,181.0
HOUSEHOLD_2_CA_2,2015-01-23,213.0
HOUSEHOLD_2_CA_2,2015-01-24,341.0
HOUSEHOLD_2_CA_2,2015-01-25,322.0
HOUSEHOLD_2_CA_2,2015-01-26,189.0
HOUSEHOLD_2_CA_2,2015-01-27,177.0
HOUSEHOLD_2_CA_2,2015-01-28,189.0
HOUSEHOLD_2_CA_2,2015-01-29,156.0
HOUSEHOLD_2_CA_2,2015-01-30,244.0
HOUSEHOLD_2_CA_2,2015-01-31,404.0
HOUSEHOLD_2_CA_2,2015-02-01,310.0
HOUSEHOLD_2_CA_2,2015-02-02,178.0
HOUSEHOLD_2_CA_2,2015-02-03,183.0
HOUSEHOLD_2_CA_2,2015-02-04,185.0
HOUSEHOLD_2_CA_2,2015-02-05,185.0
HOUSEHOLD_2_CA_2,2015-02-06,183.0
HOUSEHOLD_2_CA_2,2015-02-07,371.0
HOUSEHOLD_2_CA_2,2015-02-08,318.0
HOUSEHOLD_2_CA_2,2015-02-09,210.0
HOUSEHOLD_2_CA_2,2015-02-10,192.0
HOUSEHOLD_2_CA_2,2015-02-11,185.0
HOUSEHOLD_2_CA_2,2015-02-12,185.0
HOUSEHOLD_2_CA_2,2015-02-13,228.0
HOUSEHOLD_2_CA_2,2015-02-14,289.0
HOUSEHOLD_2_CA_2,2015-02-15,279.0
HOUSEHOLD_2_CA_2,2015-02-16,276.0
HOUSEHOLD_2_CA_2,2015-02-17,159.0
HOUSEHOLD_2_CA_2,2015-02-18,201.0
HOUSEHOLD_2_CA_2,2015-02-19,184.0
HOUSEHOLD_2_CA_2,2015-02-20,205.0
HOUSEHOLD_2_CA_2,2015-02-21,313.0
HOUSEHOLD_2_CA_2,2015-02-22,332.0
HOUSEHOLD_2_CA_2,2015-02-23,228.0
HOUSEHOLD_2_CA_2,2015-02-24,172.0
HOUSEHOLD_2_CA_2,2015-02-25,195.0
HOUSEHOLD_2_CA_2,2015-02-26,233.0
HOUSEHOLD_2_CA_2,2015-02-27,263.0
HOUSEHOLD_2_CA_2,2015-02-28,357.0
HOUSEHOLD_2_CA_2,2015-03-01,374.0
HOUSEHOLD_2_CA_2,2015-03-02,158.0
HOUSEHOLD_2_CA_2,2015-03-03,239.0
HOUSEHOLD_2_CA_2,2015-03-04,262.0
HOUSEHOLD_2_CA_2,2015-03-05,251.0
HOUSEHOLD_2_CA_2,2015-03-06,264.0
HOUSEHOLD_2_CA_2,2015-03-07,401.0
HOUSEHOLD_2_CA_2,2015-03-08,398.0
HOUSEHOLD_2_CA_2,2015-03-09,280.0
HOUSEHOLD_2_CA_2,2015-03-10,277.0
HOUSEHOLD_2_CA_2,2015-03-11,241.0
HOUSEHOLD_2_CA_2,2015-03-12,209.0
HOUSEHOLD_2_CA_2,2015-03-13,283.0
HOUSEHOLD_2_CA_2,2015-03-14,417.0
HOUSEHOLD_2_CA_2,2015-03-15,415.0
HOUSEHOLD_2_CA_2,2015-03-16,256.0
HOUSEHOLD_2_CA_2,2015-03-17,205.0
HOUSEHOLD_2_CA_2,2015-03-18,209.0
HOUSEHOLD_2_CA_2,2015-03-19,191.0
HOUSEHOLD_2_CA_2,2015-03-20,291.0
HOUSEHOLD_2_CA_2,2015-03-21,382.0
HOUSEHOLD_2_CA_2,2015-03-22,388.0
HOUSEHOLD_2_CA_2,2015-03-23,215.0
HOUSEHOLD_2_CA_2,2015-03-24,198.0
HOUSEHOLD_2_CA_2,2015-03-25,231.0
HOUSEHOLD_2_CA_2,2015-03-26,260.0
HOUSEHOLD_2_CA_2,2015-03-27,264.0
HOUSEHOLD_2_CA_2,2015-03-28,396.0
HOUSEHOLD_2_CA_2,2015-03-29,363.0
HOUSEHOLD_2_CA_2,2015-03-30,224.0
HOUSEHOLD_2_CA_2,2015-03-31,247.0
HOUSEHOLD_2_CA_2,2015-04-01,212.0
HOUSEHOLD_2_CA_2,2015-04-02,273.0
HOUSEHOLD_2_CA_2,2015-04-03,299.0
HOUSEHOLD_2_CA_2,2015-04-04,386.0
HOUSEHOLD_2_CA_2,2015-04-05,386.0
HOUSEHOLD_2_CA_2,2015-04-06,272.0
HOUSEHOLD_2_CA_2,2015-04-07,222.0
HOUSEHOLD_2_CA_2,2015-04-08,238.0
HOUSEHOLD_2_CA_2,2015-04-09,297.0
HOUSEHOLD_2_CA_2,2015-04-10,288.0
HOUSEHOLD_2_CA_2,2015-04-11,385.0
HOUSEHOLD_2_CA_2,2015-04-12,378.0
HOUSEHOLD_2_CA_2,2015-04-13,201.0
HOUSEHOLD_2_CA_2,2015-04-14,249.0
HOUSEHOLD_2_CA_2,2015-04-15,204.0
HOUSEHOLD_2_CA_2,2015-04-16,287.0
HOUSEHOLD_2_CA_2,2015-04-17,271.0
HOUSEHOLD_2_CA_2,2015-04-18,388.0
HOUSEHOLD_2_CA_2,2015-04-19,380.0
HOUSEHOLD_2_CA_2,2015-04-20,241.0
HOUSEHOLD_2_CA_2,2015-04-21,246.0
HOUSEHOLD_2_CA_2,2015-04-22,208.0
HOUSEHOLD_2_CA_2,2015-04-23,220.0
HOUSEHOLD_2_CA_2,2015-04-24,253.0
HOUSEHOLD_2_CA_2,2015-04-25,420.0
HOUSEHOLD_2_CA_2,2015-04-26,375.0
HOUSEHOLD_2_CA_2,2015-04-27,257.0
HOUSEHOLD_2_CA_2,2015-04-28,244.0
HOUSEHOLD_2_CA_2,2015-04-29,263.0
HOUSEHOLD_2_CA_2,2015-04-30,242.0
HOUSEHOLD_2_CA_2,2015-05-01,262.0
HOUSEHOLD_2_CA_2,2015-05-02,324.0
HOUSEHOLD_2_CA_2,2015-05-03,389.0
HOUSEHOLD_2_CA_2,2015-05-04,280.0
HOUSEHOLD_2_CA_2,2015-05-05,236.0
HOUSEHOLD_2_CA_2,2015-05-06,229.0
HOUSEHOLD_2_CA_2,2015-05-07,221.0
HOUSEHOLD_2_CA_2,2015-05-08,280.0
HOUSEHOLD_2_CA_2,2015-05-09,359.0
HOUSEHOLD_2_CA_2,2015-05-10,356.0
HOUSEHOLD_2_CA_2,2015-05-11,223.0
HOUSEHOLD_2_CA_2,2015-05-12,259.0
HOUSEHOLD_2_CA_2,2015-05-13,268.0
HOUSEHOLD_2_CA_2,2015-05-14,216.0
HOUSEHOLD_2_CA_2,2015-05-15,312.0
HOUSEHOLD_2_CA_2,2015-05-16,403.0
HOUSEHOLD_2_CA_2,2015-05-17,412.0
HOUSEHOLD_2_CA_2,2015-05-18,216.0
HOUSEHOLD_2_CA_2,2015-05-19,248.0
HOUSEHOLD_2_CA_2,2015-05-20,228.0
HOUSEHOLD_2_CA_2,2015-05-21,259.0
HOUSEHOLD_2_CA_2,2015-05-22,301.0
HOUSEHOLD_2_CA_2,2015-05-23,375.0
HOUSEHOLD_2_CA_2,2015-05-24,350.0
HOUSEHOLD_2_CA_2,2015-05-25,350.0
HOUSEHOLD_2_CA_2,2015-05-26,232.0
HOUSEHOLD_2_CA_2,2015-05-27,187.0
HOUSEHOLD_2_CA_2,2015-05-28,203.0
HOUSEHOLD_2_CA_2,2015-05-29,272.0
HOUSEHOLD_2_CA_2,2015-05-30,377.0
HOUSEHOLD_2_CA_2,2015-05-31,340.0
HOUSEHOLD_2_CA_2,2015-06-01,207.0
HOUSEHOLD_2_CA_2,2015-06-02,197.0
HOUSEHOLD_2_CA_2,2015-06-03,204.0
HOUSEHOLD_2_CA_2,2015-06-04,218.0
HOUSEHOLD_2_CA_2,2015-06-05,249.0
HOUSEHOLD_2_CA_2,2015-06-06,370.0
HOUSEHOLD_2_CA_2,2015-06-07,312.0
HOUSEHOLD_2_CA_2,2015-06-08,233.0
HOUSEHOLD_2_CA_2,2015-06-09,209.0
HOUSEHOLD_2_CA_2,2015-06-10,233.0
HOUSEHOLD_2_CA_2,2015-06-11,215.0
HOUSEHOLD_2_CA_2,2015-06-12,280.0
HOUSEHOLD_2_CA_2,2015-06-13,406.0
HOUSEHOLD_2_CA_2,2015-06-14,359.0
HOUSEHOLD_2_CA_2,2015-06-15,244.0
HOUSEHOLD_2_CA_2,2015-06-16,207.0
HOUSEHOLD_2_CA_2,2015-06-17,271.0
HOUSEHOLD_2_CA_2,2015-06-18,256.0
HOUSEHOLD_2_CA_2,2015-06-19,258.0
HOUSEHOLD_2_CA_2,2015-06-20,373.0
HOUSEHOLD_2_CA_2,2015-06-21,426.0
HOUSEHOLD_2_CA_2,2015-06-22,274.0
HOUSEHOLD_2_CA_2,2015-06-23,291.0
HOUSEHOLD_2_CA_2,2015-06-24,217.0
HOUSEHOLD_2_CA_2,2015-06-25,257.0
HOUSEHOLD_2_CA_2,2015-06-26,252.0
HOUSEHOLD_2_CA_2,2015-06-27,368.0
HOUSEHOLD_2_CA_2,2015-06-28,426.0
HOUSEHOLD_2_CA_2,2015-06-29,227.0
HOUSEHOLD_2_CA_2,2015-06-30,264.0
HOUSEHOLD_2_CA_2,2015-07-01,241.0
HOUSEHOLD_2_CA_2,2015-07-02,287.0
HOUSEHOLD_2_CA_2,2015-07-03,354.0
HOUSEHOLD_2_CA_2,2015-07-04,260.0
HOUSEHOLD_2_CA_2,2015-07-05,356.0
HOUSEHOLD_2_CA_2,2015-07-06,309.0
HOUSEHOLD_2_CA_2,2015-07-07,222.0
HOUSEHOLD_2_CA_2,2015-07-08,261.0
HOUSEHOLD_2_CA_2,2015-07-09,193.0
HOUSEHOLD_2_CA_2,2015-07-10,275.0
HOUSEHOLD_2_CA_2,2015-07-11,398.0
HOUSEHOLD_2_CA_2,2015-07-12,373.0
HOUSEHOLD_2_CA_2,2015-07-13,236.0
HOUSEHOLD_2_CA_2,2015-07-14,253.0
HOUSEHOLD_2_CA_2,2015-07-15,277.0
HOUSEHOLD_2_CA_2,2015-07-16,272.0
HOUSEHOLD_2_CA_2,2015-07-17,321.0
HOUSEHOLD_2_CA_2,2015-07-18,422.0
HOUSEHOLD_2_CA_2,2015-07-19,406.0
HOUSEHOLD_2_CA_2,2015-07-20,250.0
HOUSEHOLD_2_CA_2,2015-07-21,268.0
HOUSEHOLD_2_CA_2,2015-07-22,228.0
HOUSEHOLD_2_CA_2,2015-07-23,238.0
HOUSEHOLD_2_CA_2,2015-07-24,311.0
HOUSEHOLD_2_CA_2,2015-07-25,406.0
HOUSEHOLD_2_CA_2,2015-07-26,424.0
HOUSEHOLD_2_CA_2,2015-07-27,250.0
HOUSEHOLD_2_CA_2,2015-07-28,241.0
HOUSEHOLD_2_CA_2,2015-07-29,265.0
HOUSEHOLD_2_CA_2,2015-07-30,256.0
HOUSEHOLD_2_CA_2,2015-07-31,315.0
HOUSEHOLD_2_CA_2,2015-08-01,432.0
HOUSEHOLD_2_CA_2,2015-08-02,387.0
HOUSEHOLD_2_CA_2,2015-08-03,267.0
HOUSEHOLD_2_CA_2,2015-08-04,279.0
HOUSEHOLD_2_CA_2,2015-08-05,255.0
HOUSEHOLD_2_CA_2,2015-08-06,226.0
HOUSEHOLD_2_CA_2,2015-08-07,303.0
HOUSEHOLD_2_CA_2,2015-08-08,389.0
HOUSEHOLD_2_CA_2,2015-08-09,404.0
HOUSEHOLD_2_CA_2,2015-08-10,277.0
HOUSEHOLD_2_CA_2,2015-08-11,244.0
HOUSEHOLD_2_CA_2,2015-08-12,250.0
HOUSEHOLD_2_CA_2,2015-08-13,262.0
HOUSEHOLD_2_CA_2,2015-08-14,307.0
HOUSEHOLD_2_CA_2,2015-08-15,451.0
HOUSEHOLD_2_CA_2,2015-08-16,387.0
HOUSEHOLD_2_CA_2,2015-08-17,253.0
HOUSEHOLD_2_CA_2,2015-08-18,232.0
HOUSEHOLD_2_CA_2,2015-08-19,232.0
HOUSEHOLD_2_CA_2,2015-08-20,274.0
HOUSEHOLD_2_CA_2,2015-08-21,319.0
HOUSEHOLD_2_CA_2,2015-08-22,429.0
HOUSEHOLD_2_CA_2,2015-08-23,422.0
HOUSEHOLD_2_CA_2,2015-08-24,243.0
HOUSEHOLD_2_CA_2,2015-08-25,214.0
HOUSEHOLD_2_CA_2,2015-08-26,224.0
HOUSEHOLD_2_CA_2,2015-08-27,235.0
HOUSEHOLD_2_CA_2,2015-08-28,283.0
HOUSEHOLD_2_CA_2,2015-08-29,421.0
HOUSEHOLD_2_CA_2,2015-08-30,465.0
HOUSEHOLD_2_CA_2,2015-08-31,247.0
HOUSEHOLD_2_CA_2,2015-09-01,248.0
HOUSEHOLD_2_CA_2,2015-09-02,275.0
HOUSEHOLD_2_CA_2,2015-09-03,256.0
HOUSEHOLD_2_CA_2,2015-09-04,310.0
HOUSEHOLD_2_CA_2,2015-09-05,400.0
HOUSEHOLD_2_CA_2,2015-09-06,385.0
HOUSEHOLD_2_CA_2,2015-09-07,373.0
HOUSEHOLD_2_CA_2,2015-09-08,256.0
HOUSEHOLD_2_CA_2,2015-09-09,267.0
HOUSEHOLD_2_CA_2,2015-09-10,239.0
HOUSEHOLD_2_CA_2,2015-09-11,284.0
HOUSEHOLD_2_CA_2,2015-09-12,446.0
HOUSEHOLD_2_CA_2,2015-09-13,399.0
HOUSEHOLD_2_CA_2,2015-09-14,224.0
HOUSEHOLD_2_CA_2,2015-09-15,205.0
HOUSEHOLD_2_CA_2,2015-09-16,216.0
HOUSEHOLD_2_CA_2,2015-09-17,211.0
HOUSEHOLD_2_CA_2,2015-09-18,266.0
HOUSEHOLD_2_CA_2,2015-09-19,381.0
HOUSEHOLD_2_CA_2,2015-09-20,407.0
HOUSEHOLD_2_CA_2,2015-09-21,289.0
HOUSEHOLD_2_CA_2,2015-09-22,209.0
HOUSEHOLD_2_CA_2,2015-09-23,267.0
HOUSEHOLD_2_CA_2,2015-09-24,256.0
HOUSEHOLD_2_CA_2,2015-09-25,311.0
HOUSEHOLD_2_CA_2,2015-09-26,419.0
HOUSEHOLD_2_CA_2,2015-09-27,462.0
HOUSEHOLD_2_CA_2,2015-09-28,202.0
HOUSEHOLD_2_CA_2,2015-09-29,206.0
HOUSEHOLD_2_CA_2,2015-09-30,209.0
HOUSEHOLD_2_CA_2,2015-10-01,246.0
HOUSEHOLD_2_CA_2,2015-10-02,324.0
HOUSEHOLD_2_CA_2,2015-10-03,559.0
HOUSEHOLD_2_CA_2,2015-10-04,444.0
HOUSEHOLD_2_CA_2,2015-10-05,222.0
HOUSEHOLD_2_CA_2,2015-10-06,240.0
HOUSEHOLD_2_CA_2,2015-10-07,249.0
HOUSEHOLD_2_CA_2,2015-10-08,268.0
HOUSEHOLD_2_CA_2,2015-10-09,315.0
HOUSEHOLD_2_CA_2,2015-10-10,430.0
HOUSEHOLD_2_CA_2,2015-10-11,396.0
HOUSEHOLD_2_CA_2,2015-10-12,299.0
HOUSEHOLD_2_CA_2,2015-10-13,271.0
HOUSEHOLD_2_CA_2,2015-10-14,218.0
HOUSEHOLD_2_CA_2,2015-10-15,242.0
HOUSEHOLD_2_CA_2,2015-10-16,336.0
HOUSEHOLD_2_CA_2,2015-10-17,472.0
HOUSEHOLD_2_CA_2,2015-10-18,489.0
HOUSEHOLD_2_CA_2,2015-10-19,264.0
HOUSEHOLD_2_CA_2,2015-10-20,230.0
HOUSEHOLD_2_CA_2,2015-10-21,246.0
HOUSEHOLD_2_CA_2,2015-10-22,208.0
HOUSEHOLD_2_CA_2,2015-10-23,315.0
HOUSEHOLD_2_CA_2,2015-10-24,430.0
HOUSEHOLD_2_CA_2,2015-10-25,432.0
HOUSEHOLD_2_CA_2,2015-10-26,274.0
HOUSEHOLD_2_CA_2,2015-10-27,257.0
HOUSEHOLD_2_CA_2,2015-10-28,212.0
HOUSEHOLD_2_CA_2,2015-10-29,226.0
HOUSEHOLD_2_CA_2,2015-10-30,311.0
HOUSEHOLD_2_CA_2,2015-10-31,429.0
HOUSEHOLD_2_CA_2,2015-11-01,413.0
HOUSEHOLD_2_CA_2,2015-11-02,199.0
HOUSEHOLD_2_CA_2,2015-11-03,284.0
HOUSEHOLD_2_CA_2,2015-11-04,256.0
HOUSEHOLD_2_CA_2,2015-11-05,240.0
HOUSEHOLD_2_CA_2,2015-11-06,310.0
HOUSEHOLD_2_CA_2,2015-11-07,524.0
HOUSEHOLD_2_CA_2,2015-11-08,379.0
HOUSEHOLD_2_CA_2,2015-11-09,188.0
HOUSEHOLD_2_CA_2,2015-11-10,242.0
HOUSEHOLD_2_CA_2,2015-11-11,277.0
HOUSEHOLD_2_CA_2,2015-11-12,224.0
HOUSEHOLD_2_CA_2,2015-11-13,260.0
HOUSEHOLD_2_CA_2,2015-11-14,443.0
HOUSEHOLD_2_CA_2,2015-11-15,399.0
HOUSEHOLD_2_CA_2,2015-11-16,203.0
HOUSEHOLD_2_CA_2,2015-11-17,190.0
HOUSEHOLD_2_CA_2,2015-11-18,190.0
HOUSEHOLD_2_CA_2,2015-11-19,251.0
HOUSEHOLD_2_CA_2,2015-11-20,239.0
HOUSEHOLD_2_CA_2,2015-11-21,433.0
HOUSEHOLD_2_CA_2,2015-11-22,398.0
HOUSEHOLD_2_CA_2,2015-11-23,219.0
HOUSEHOLD_2_CA_2,2015-11-24,186.0
HOUSEHOLD_2_CA_2,2015-11-25,247.0
HOUSEHOLD_2_CA_2,2015-11-26,157.0
HOUSEHOLD_2_CA_2,2015-11-27,270.0
HOUSEHOLD_2_CA_2,2015-11-28,317.0
HOUSEHOLD_2_CA_2,2015-11-29,341.0
HOUSEHOLD_2_CA_2,2015-11-30,223.0
HOUSEHOLD_2_CA_2,2015-12-01,263.0
HOUSEHOLD_2_CA_2,2015-12-02,225.0
HOUSEHOLD_2_CA_2,2015-12-03,269.0
HOUSEHOLD_2_CA_2,2015-12-04,347.0
HOUSEHOLD_2_CA_2,2015-12-05,414.0
HOUSEHOLD_2_CA_2,2015-12-06,432.0
HOUSEHOLD_2_CA_2,2015-12-07,220.0
HOUSEHOLD_2_CA_2,2015-12-08,216.0
HOUSEHOLD_2_CA_2,2015-12-09,233.0
HOUSEHOLD_2_CA_2,2015-12-10,205.0
HOUSEHOLD_2_CA_2,2015-12-11,274.0
HOUSEHOLD_2_CA_2,2015-12-12,457.0
HOUSEHOLD_2_CA_2,2015-12-13,374.0
HOUSEHOLD_2_CA_2,2015-12-14,254.0
HOUSEHOLD_2_CA_2,2015-12-15,233.0
HOUSEHOLD_2_CA_2,2015-12-16,219.0
HOUSEHOLD_2_CA_2,2015-12-17,247.0
HOUSEHOLD_2_CA_2,2015-12-18,266.0
HOUSEHOLD_2_CA_2,2015-12-19,449.0
HOUSEHOLD_2_CA_2,2015-12-20,395.0
HOUSEHOLD_2_CA_2,2015-12-21,295.0
HOUSEHOLD_2_CA_2,2015-12-22,266.0
HOUSEHOLD_2_CA_2,2015-12-23,325.0
HOUSEHOLD_2_CA_2,2015-12-24,255.0
HOUSEHOLD_2_CA_2,2015-12-25,0.0
HOUSEHOLD_2_CA_2,2015-12-26,349.0
HOUSEHOLD_2_CA_2,2015-12-27,346.0
HOUSEHOLD_2_CA_2,2015-12-28,253.0
HOUSEHOLD_2_CA_2,2015-12-29,284.0
HOUSEHOLD_2_CA_2,2015-12-30,275.0
HOUSEHOLD_2_CA_2,2015-12-31,268.0
HOUSEHOLD_2_CA_2,2016-01-01,308.0
HOUSEHOLD_2_CA_2,2016-01-02,418.0
HOUSEHOLD_2_CA_2,2016-01-03,414.0
HOUSEHOLD_2_CA_2,2016-01-04,238.0
HOUSEHOLD_2_CA_2,2016-01-05,206.0
HOUSEHOLD_2_CA_2,2016-01-06,277.0
HOUSEHOLD_2_CA_2,2016-01-07,242.0
HOUSEHOLD_2_CA_2,2016-01-08,271.0
HOUSEHOLD_2_CA_2,2016-01-09,428.0
HOUSEHOLD_2_CA_2,2016-01-10,370.0
HOUSEHOLD_2_CA_2,2016-01-11,246.0
HOUSEHOLD_2_CA_2,2016-01-12,204.0
HOUSEHOLD_2_CA_2,2016-01-13,193.0
HOUSEHOLD_2_CA_2,2016-01-14,213.0
HOUSEHOLD_2_CA_2,2016-01-15,290.0
HOUSEHOLD_2_CA_2,2016-01-16,413.0
HOUSEHOLD_2_CA_2,2016-01-17,394.0
HOUSEHOLD_2_CA_2,2016-01-18,342.0
HOUSEHOLD_2_CA_2,2016-01-19,195.0
HOUSEHOLD_2_CA_2,2016-01-20,227.0
HOUSEHOLD_2_CA_2,2016-01-21,216.0
HOUSEHOLD_2_CA_2,2016-01-22,226.0
HOUSEHOLD_2_CA_2,2016-01-23,417.0
HOUSEHOLD_2_CA_2,2016-01-24,446.0
HOUSEHOLD_2_CA_2,2016-01-25,185.0
HOUSEHOLD_2_CA_2,2016-01-26,216.0
HOUSEHOLD_2_CA_2,2016-01-27,208.0
HOUSEHOLD_2_CA_2,2016-01-28,180.0
HOUSEHOLD_2_CA_2,2016-01-29,274.0
HOUSEHOLD_2_CA_2,2016-01-30,416.0
HOUSEHOLD_2_CA_2,2016-01-31,435.0
HOUSEHOLD_2_CA_2,2016-02-01,237.0
HOUSEHOLD_2_CA_2,2016-02-02,207.0
HOUSEHOLD_2_CA_2,2016-02-03,227.0
HOUSEHOLD_2_CA_2,2016-02-04,186.0
HOUSEHOLD_2_CA_2,2016-02-05,242.0
HOUSEHOLD_2_CA_2,2016-02-06,435.0
HOUSEHOLD_2_CA_2,2016-02-07,247.0
HOUSEHOLD_2_CA_2,2016-02-08,268.0
HOUSEHOLD_2_CA_2,2016-02-09,226.0
HOUSEHOLD_2_CA_2,2016-02-10,226.0
HOUSEHOLD_2_CA_2,2016-02-11,250.0
HOUSEHOLD_2_CA_2,2016-02-12,301.0
HOUSEHOLD_2_CA_2,2016-02-13,364.0
HOUSEHOLD_2_CA_2,2016-02-14,349.0
HOUSEHOLD_2_CA_2,2016-02-15,349.0
HOUSEHOLD_2_CA_2,2016-02-16,229.0
HOUSEHOLD_2_CA_2,2016-02-17,207.0
HOUSEHOLD_2_CA_2,2016-02-18,273.0
HOUSEHOLD_2_CA_2,2016-02-19,279.0
HOUSEHOLD_2_CA_2,2016-02-20,418.0
HOUSEHOLD_2_CA_2,2016-02-21,422.0
HOUSEHOLD_2_CA_2,2016-02-22,229.0
HOUSEHOLD_2_CA_2,2016-02-23,199.0
HOUSEHOLD_2_CA_2,2016-02-24,237.0
HOUSEHOLD_2_CA_2,2016-02-25,193.0
HOUSEHOLD_2_CA_2,2016-02-26,285.0
HOUSEHOLD_2_CA_2,2016-02-27,494.0
HOUSEHOLD_2_CA_2,2016-02-28,452.0
HOUSEHOLD_2_CA_2,2016-02-29,233.0
HOUSEHOLD_2_CA_2,2016-03-01,233.0
HOUSEHOLD_2_CA_2,2016-03-02,197.0
HOUSEHOLD_2_CA_2,2016-03-03,240.0
HOUSEHOLD_2_CA_2,2016-03-04,206.0
HOUSEHOLD_2_CA_2,2016-03-05,352.0
HOUSEHOLD_2_CA_2,2016-03-06,412.0
HOUSEHOLD_2_CA_2,2016-03-07,205.0
HOUSEHOLD_2_CA_2,2016-03-08,172.0
HOUSEHOLD_2_CA_2,2016-03-09,254.0
HOUSEHOLD_2_CA_2,2016-03-10,238.0
HOUSEHOLD_2_CA_2,2016-03-11,244.0
HOUSEHOLD_2_CA_2,2016-03-12,396.0
HOUSEHOLD_2_CA_2,2016-03-13,423.0
HOUSEHOLD_2_CA_2,2016-03-14,243.0
HOUSEHOLD_2_CA_2,2016-03-15,199.0
HOUSEHOLD_2_CA_2,2016-03-16,203.0
HOUSEHOLD_2_CA_2,2016-03-17,193.0
HOUSEHOLD_2_CA_2,2016-03-18,251.0
HOUSEHOLD_2_CA_2,2016-03-19,182.0
HOUSEHOLD_2_CA_2,2016-03-20,187.0
HOUSEHOLD_2_CA_2,2016-03-21,270.0
HOUSEHOLD_2_CA_2,2016-03-22,240.0
HOUSEHOLD_2_CA_2,2016-03-23,237.0
HOUSEHOLD_2_CA_2,2016-03-24,216.0
HOUSEHOLD_2_CA_2,2016-03-25,317.0
HOUSEHOLD_2_CA_2,2016-03-26,425.0
HOUSEHOLD_2_CA_2,2016-03-27,417.0
HOUSEHOLD_2_CA_2,2016-03-28,235.0
HOUSEHOLD_2_CA_2,2016-03-29,238.0
HOUSEHOLD_2_CA_2,2016-03-30,243.0
HOUSEHOLD_2_CA_2,2016-03-31,245.0
HOUSEHOLD_2_CA_2,2016-04-01,300.0
HOUSEHOLD_2_CA_2,2016-04-02,411.0
HOUSEHOLD_2_CA_2,2016-04-03,467.0
HOUSEHOLD_2_CA_2,2016-04-04,250.0
HOUSEHOLD_2_CA_2,2016-04-05,219.0
HOUSEHOLD_2_CA_2,2016-04-06,232.0
HOUSEHOLD_2_CA_2,2016-04-07,287.0
HOUSEHOLD_2_CA_2,2016-04-08,331.0
HOUSEHOLD_2_CA_2,2016-04-09,476.0
HOUSEHOLD_2_CA_2,2016-04-10,441.0
HOUSEHOLD_2_CA_2,2016-04-11,293.0
HOUSEHOLD_2_CA_2,2016-04-12,251.0
HOUSEHOLD_2_CA_2,2016-04-13,275.0
HOUSEHOLD_2_CA_2,2016-04-14,254.0
HOUSEHOLD_2_CA_2,2016-04-15,303.0
HOUSEHOLD_2_CA_2,2016-04-16,431.0
HOUSEHOLD_2_CA_2,2016-04-17,452.0
HOUSEHOLD_2_CA_2,2016-04-18,259.0
HOUSEHOLD_2_CA_2,2016-04-19,257.0
HOUSEHOLD_2_CA_2,2016-04-20,255.0
HOUSEHOLD_2_CA_2,2016-04-21,250.0
HOUSEHOLD_2_CA_2,2016-04-22,323.0
HOUSEHOLD_2_CA_2,2016-04-23,486.0
HOUSEHOLD_2_CA_2,2016-04-24,432.0
HOUSEHOLD_2_CA_2,2016-04-25,244.0
HOUSEHOLD_2_CA_2,2016-04-26,249.0
HOUSEHOLD_2_CA_2,2016-04-27,247.0
HOUSEHOLD_2_CA_2,2016-04-28,283.0
HOUSEHOLD_2_CA_2,2016-04-29,309.0
HOUSEHOLD_2_CA_2,2016-04-30,438.0
HOUSEHOLD_2_CA_2,2016-05-01,457.0
HOUSEHOLD_2_CA_2,2016-05-02,325.0
HOUSEHOLD_2_CA_2,2016-05-03,303.0
HOUSEHOLD_2_CA_2,2016-05-04,252.0
HOUSEHOLD_2_CA_2,2016-05-05,245.0
HOUSEHOLD_2_CA_2,2016-05-06,327.0
HOUSEHOLD_2_CA_2,2016-05-07,441.0
HOUSEHOLD_2_CA_2,2016-05-08,360.0
HOUSEHOLD_2_CA_2,2016-05-09,245.0
HOUSEHOLD_2_CA_2,2016-05-10,287.0
HOUSEHOLD_2_CA_2,2016-05-11,242.0
HOUSEHOLD_2_CA_2,2016-05-12,272.0
HOUSEHOLD_2_CA_2,2016-05-13,395.0
HOUSEHOLD_2_CA_2,2016-05-14,575.0
HOUSEHOLD_2_CA_2,2016-05-15,467.0
HOUSEHOLD_2_CA_2,2016-05-16,310.0
HOUSEHOLD_2_CA_2,2016-05-17,261.0
HOUSEHOLD_2_CA_2,2016-05-18,226.0
HOUSEHOLD_2_CA_2,2016-05-19,280.0
HOUSEHOLD_2_CA_2,2016-05-20,296.0
HOUSEHOLD_2_CA_2,2016-05-21,573.0
HOUSEHOLD_2_CA_2,2016-05-22,496.0
